insert into EUMOWY.activity (id, version, code, numer_pozycji) values (1,0,'nowaUmowa',1);
insert into EUMOWY.activity (id, version, code, numer_pozycji) values (2,0,'dodatkowyPunkt',2);
insert into EUMOWY.activity (id, version, code, numer_pozycji) values (3,0,'dodatkowyPos',3);
insert into EUMOWY.activity (id, version, code, numer_pozycji) values (4,0,'zmianaProwizji',4);
insert into EUMOWY.activity (id, version, code, numer_pozycji) values (5,0,'dodanieAneksuKoszty',5);
insert into EUMOWY.activity (id, version, code, numer_pozycji) values (6,0,'wymianaUmowyNajmu',6);
insert into EUMOWY.activity (id, version, code, numer_pozycji) values (7,0,'aneks',7);
insert into EUMOWY.activity (id, version, code, numer_pozycji) values (8,0,'zmianaTabeliOplatDodatkowych',8);
insert into EUMOWY.activity (id, version, code, numer_pozycji) values (9,0,'zmianaWarunkowPrepaid',9);
insert into EUMOWY.activity (id, version, code, numer_pozycji) values (10,0,'zmianaOkresuLojalnosciowego',10);
insert into EUMOWY.activity (id, version, code, numer_pozycji) values (11,0,'promocyjneObnizenieNajmu',11);
insert into EUMOWY.activity (id, version, code, numer_pozycji) values (12,0,'dodaniePrepaid',12);
insert into EUMOWY.activity (id, version, code, numer_pozycji) values (13,0,'dodanieDcc',13);
insert into EUMOWY.activity (id, version, code, numer_pozycji) values (14,0,'dodanieCashBack',14);
insert into EUMOWY.activity (id, version, code, numer_pozycji) values (15,0,'dodanieIko',15);
insert into EUMOWY.activity (id, version, code, numer_pozycji) values (16,0,'zmianaWarunkowDcc',16);
insert into EUMOWY.activity (id, version, code, numer_pozycji) values (17,0,'ekonomiczny',17);
insert into EUMOWY.activity (id, version, code, numer_pozycji) values (18,0,'komfort',18);
insert into EUMOWY.activity (id, version, code, numer_pozycji) values (19,0,'prestiz',19);
insert into EUMOWY.activity (id, version, code, numer_pozycji) values (20,0,'poprawDane',20);
insert into EUMOWY.activity (id, version, code, numer_pozycji) values (21,0,'odrzucDokumenty',21);
insert into EUMOWY.activity (id, version, code, numer_pozycji) values (22,0,'uzupelnijPodpisy',22);
insert into EUMOWY.SIGNATURE (id, version, active, name, template_path, management_subscription1, management_subscription2, subscription_page_number, subscriptionx, subscriptiony) values (1, 0,1,'AP-AG/F/DF/2.003/12-02-06', 'Formularz aplikacyjny_po_zmianach_18.01.2012.pdf', 'podpis_zarzad_1.png', 'podpis_zarzad_2.png', 1, 0, 0);
insert into EUMOWY.SIGNATURE (id, version, active, name, template_path, management_subscription1, management_subscription2, subscription_page_number, subscriptionx, subscriptiony) values (2, 0,1,'AP-AG/F/DP/2.003/13-05-10', 'Formularz danych punktu_zmiany_15.05.2013_edited.pdf', 'podpis_zarzad_1.png', 'podpis_zarzad_2.png', 1, 0, 0);
insert into EUMOWY.SIGNATURE (id, version, active, name, template_path, management_subscription1, management_subscription2, subscription_page_number, subscriptionx, subscriptiony) values (3, 0,1,'AP/F/DS/2.000/09-04-22', 'Formularz Scoringowy (oryginal).pdf', 'podpis_zarzad_1.png', 'podpis_zarzad_2.png', 1, 0, 0);
insert into EUMOWY.SIGNATURE (id, version, active, name, template_path, management_subscription1, management_subscription2, subscription_page_number, subscriptionx, subscriptiony) values (4, 0,1,'AP/UNTZ/2.003/12-01-16', 'APUNTZ2.00312-01-16.pdf', 'podpis_zarzad_1.png', 'podpis_zarzad_2.png', 4, 70, 165);
insert into EUMOWY.SIGNATURE (id, version, active, name, template_path, management_subscription1, management_subscription2, subscription_page_number, subscriptionx, subscriptiony) values (5, 0,1,'AP/UPZBS/2.000/13-01-25', 'APUNTZ2.00312-01-16.pdf', 'podpis_zarzad_1.png', 'podpis_zarzad_2.png', 4, 80, 320);
insert into EUMOWY.SIGNATURE (id, version, active, name, template_path, management_subscription1, management_subscription2, subscription_page_number, subscriptionx, subscriptiony) values (6, 0,1,'AP/UPZ/2.000/13-01-03', 'Brak', 'podpis_zarzad_1.png', 'podpis_zarzad_2.png', 1, 0, 0);
insert into EUMOWY.SIGNATURE (id, version, active, name, template_path, management_subscription1, management_subscription2, subscription_page_number, subscriptionx, subscriptiony) values (7, 0,1,'AP/UPZIF/2.000/13-03-26', 'APUPZIF2.00013-03-26 - Umowa o przyjmowanie zapłaty IF+_2013.pdf', 'podpis_zarzad_1.png', 'podpis_zarzad_2.png', 4, 80, 305);
insert into EUMOWY.SIGNATURE (id, version, active, name, template_path, management_subscription1, management_subscription2, subscription_page_number, subscriptionx, subscriptiony) values (8, 0,1,'AP/UNTSS/1.003/12-01-16', 'APUNTSS1.00312-01-16.pdf', 'podpis_zarzad_1.png', 'podpis_zarzad_2.png', 4, 65, 165);
insert into EUMOWY.SIGNATURE (id, version, active, name, template_path, management_subscription1, management_subscription2, subscription_page_number, subscriptionx, subscriptiony) values (9, 0,1,'AP/UNTSZ/APOU/3.002/12-01-16', 'APUNTSZAPOU3.00212-01-16.pdf', 'podpis_zarzad_1.png', 'podpis_zarzad_2.png', 2, 85, 395);
insert into EUMOWY.SIGNATURE (id, version, active, name, template_path, management_subscription1, management_subscription2, subscription_page_number, subscriptionx, subscriptiony) values (10, 0,1,'AP/UPZ/AWNZBS/1.000/13-01-25', 'APUPZAWNZBS1.00013-01-25 - Aneks do umowy o przyjm zapł (bez stawek płaskich).pdf', 'podpis_zarzad_1.png', 'podpis_zarzad_2.png', 1, 85, 180);
insert into EUMOWY.SIGNATURE (id, version, active, name, template_path, management_subscription1, management_subscription2, subscription_page_number, subscriptionx, subscriptiony) values (11, 0,1,'AP/UPZ/AWNZS/1.000/13-01-25', 'APUPZAWNZS1.00013-01-25 - Aneks do umowy o przyjm zapł (narzucone stawki płaskie).pdf', 'podpis_zarzad_1.png', 'podpis_zarzad_2.png', 1, 80, 180);
insert into EUMOWY.SIGNATURE (id, version, active, name, template_path, management_subscription1, management_subscription2, subscription_page_number, subscriptionx, subscriptiony) values (12, 0,1,'AP/UPZ/IF/2.001/13-04-05', 'APUPZIF2.00113-04-05.pdf', 'podpis_zarzad_1.png', 'podpis_zarzad_2.png', 2, 80, 460);
insert into EUMOWY.SIGNATURE (id, version, active, name, template_path, management_subscription1, management_subscription2, subscription_page_number, subscriptionx, subscriptiony) values (13, 0,1,'AP/UNTSZ/AWNZ/3.002/12-01-16', 'APUNTSZAWNZ3.00212-01-16.pdf', 'podpis_zarzad_1.png', 'podpis_zarzad_2.png', 1, 85, 370);
insert into EUMOWY.SIGNATURE (id, version, active, name, template_path, management_subscription1, management_subscription2, subscription_page_number, subscriptionx, subscriptiony) values (14, 0,1,'AT/USU/FDU/4.004/13-05-22', 'ATUSUFDU4.004.130522.pdf', 'podpis_zarzad_1.png', 'podpis_zarzad_2.png', 2, 80, 545);
insert into EUMOWY.SIGNATURE (id, version, active, name, template_path, management_subscription1, management_subscription2, subscription_page_number, subscriptionx, subscriptiony) values (15, 0,1,'AT/USU/5.004/13-05-22', 'ATUSU5.00413-05-22.pdf', 'podpis_zarzad_1.png', 'podpis_zarzad_2.png', 3, 80, 580);
insert into EUMOWY.SIGNATURE (id, version, active, name, template_path, management_subscription1, management_subscription2, subscription_page_number, subscriptionx, subscriptiony) values (16, 0,1,'AP/UNTSZ/OKOD/2.003/12-01-16', 'APUNTSZOKOD2.00312-01-16.pdf', 'podpis_zarzad_1.png', 'podpis_zarzad_2.png', 1, 85, 250);
insert into EUMOWY.SIGNATURE (id, version, active, name, template_path, management_subscription1, management_subscription2, subscription_page_number, subscriptionx, subscriptiony) values (17, 0,1,'AP/UNTSZ/APOO/3.002/12-01-16', 'APUNTSZAPOO3.00212-01-16.pdf', 'podpis_zarzad_1.png', 'podpis_zarzad_2.png', 1, 85, 288);
insert into EUMOWY.SIGNATURE (id, version, active, name, template_path, management_subscription1, management_subscription2, subscription_page_number, subscriptionx, subscriptiony) values (18, 0,1,'AP/UNTSZ/DCCZ/1.001/12-10-05', 'APUNTSZDCCZ1 00112-10-05_Aneks do UN_DCC zmiana warunków.pdf', 'podpis_zarzad_1.png', 'podpis_zarzad_2.png', 1, 85, 260);
insert into EUMOWY.SIGNATURE (id, version, active, name, template_path, management_subscription1, management_subscription2, subscription_page_number, subscriptionx, subscriptiony) values (19, 0,1,'AP/UPZ/DCCZ/1.002/13-02-15', 'APUPZDCCZ1.00213-02-15 - Aneks do Umowy o przyjm zapł. (zm. war. DCC).pdf', 'podpis_zarzad_1.png', 'podpis_zarzad_2.png', 1, 85, 185);
insert into EUMOWY.SIGNATURE (id, version, active, name, template_path, management_subscription1, management_subscription2, subscription_page_number, subscriptionx, subscriptiony) values (20, 0,1,'AP/UPZ2/DCC/1.000/13-02-15', 'APUPZ2DCC1.00013-02-15 - Aneks do Umowy o przyjm po 2013 r (wprow DCC).pdf', 'podpis_zarzad_1.png', 'podpis_zarzad_2.png', 1, 85, 215);
insert into EUMOWY.SIGNATURE (id, version, active, name, template_path, management_subscription1, management_subscription2, subscription_page_number, subscriptionx, subscriptiony) values (21, 0,1,'AP/UPZ/DCC/2.003/13-02-15', 'APUPZDCC2.00313-02-15 - Aneks do Umowy o przyjm zapł (wprow DCC).pdf', 'podpis_zarzad_1.png', 'podpis_zarzad_2.png', 1, 80, 240);
insert into EUMOWY.SIGNATURE (id, version, active, name, template_path, management_subscription1, management_subscription2, subscription_page_number, subscriptionx, subscriptiony) values (22, 0,1,'AP/UNTSZ/DCC/2.002/12-01-16', 'APUNTSZDCC2.00212-01-16.pdf', 'podpis_zarzad_1.png', 'podpis_zarzad_2.png', 1, 85, 280);
insert into EUMOWY.SIGNATURE (id, version, active, name, template_path, management_subscription1, management_subscription2, subscription_page_number, subscriptionx, subscriptiony) values (23, 0,1,'AP/UPZ2/ACB/1.000/13-02-15', 'APUPZ2ACB1.00013-02-15 - Aneks do Umowy o przyjm po 2013 r (wprow Cashback).pdf', 'podpis_zarzad_1.png', 'podpis_zarzad_2.png', 2, 80, 145);
insert into EUMOWY.SIGNATURE (id, version, active, name, template_path, management_subscription1, management_subscription2, subscription_page_number, subscriptionx, subscriptiony) values (24, 0,1,'AP/UPZ/ACB/2.003/13-02-15', 'APUPZACB2.00313-02-15 - Aneks do Umowy o przyjm zapł (dod Cashback).pdf', 'podpis_zarzad_1.png', 'podpis_zarzad_2.png', 2, 85, 220);
insert into EUMOWY.SIGNATURE (id, version, active, name, template_path, management_subscription1, management_subscription2, subscription_page_number, subscriptionx, subscriptiony) values (25, 0,1,'AP/UPZBS/AIKO/1.000/13-03-25', 'APUPZBSAIKO1.00013-03-25 - Aneks IKO.pdf', 'podpis_zarzad_1.png', 'podpis_zarzad_2.png', 1, 70, 155);
insert into EUMOWY.SIGNATURE (id, version, active, name, template_path, management_subscription1, management_subscription2, subscription_page_number, subscriptionx, subscriptiony) values (26, 0,1,'AP/UNTW/AGON/1.002/12-01-16', 'APUNTWAGON1.00212-01-16.pdf', 'podpis_zarzad_1.png', 'podpis_zarzad_2.png', 1, 85, 235);
insert into EUMOWY.SIGNATURE (id, version, active, name, template_path, management_subscription1, management_subscription2, subscription_page_number, subscriptionx, subscriptiony) values (27, 0,1,'AP/UNTW/ANOD/1.003/12-01-16', 'APUNTWANOD1.00312-01-16_Aneks do UN_zmiana Tabeli Opłat.pdf', 'podpis_zarzad_1.png', 'podpis_zarzad_2.png', 1, 85, 225);
insert into EUMOWY.SIGNATURE (id, version, active, name, template_path, management_subscription1, management_subscription2, subscription_page_number, subscriptionx, subscriptiony) values (28, 0,1,'AP/UNTW/AGOK/1.002/12-01-16', 'APUNTWAGOK1.00212-01-16.pdf', 'podpis_zarzad_1.png', 'podpis_zarzad_2.png', 1, 85, 245);
insert into EUMOWY.SIGNATURE (id, version, active, name, template_path, management_subscription1, management_subscription2, subscription_page_number, subscriptionx, subscriptiony) values (29, 0,1,'AP/UNTW/AGOP/1.002/12-01-16', 'APUNTWAGOP1.00212-01-16.pdf', 'podpis_zarzad_1.png', 'podpis_zarzad_2.png', 1, 80, 245);

insert into EUMOWY.ACTIVITY_SIGNATURES (id, version, activity_id, mandatory, number_of_list, signature_id) values (EUMOWY.ACTIVITY_SIGNATURES_SEQ.NEXTVAL, 0,1,0,1,8);
insert into EUMOWY.ACTIVITY_SIGNATURES (id, version, activity_id, mandatory, number_of_list, signature_id) values (EUMOWY.ACTIVITY_SIGNATURES_SEQ.NEXTVAL, 0,1,1,0,1);
insert into EUMOWY.ACTIVITY_SIGNATURES (id, version, activity_id, mandatory, number_of_list, signature_id) values (EUMOWY.ACTIVITY_SIGNATURES_SEQ.NEXTVAL, 0,1,1,0,2);
insert into EUMOWY.ACTIVITY_SIGNATURES (id, version, activity_id, mandatory, number_of_list, signature_id) values (EUMOWY.ACTIVITY_SIGNATURES_SEQ.NEXTVAL, 0,1,1,0,3);
insert into EUMOWY.ACTIVITY_SIGNATURES (id, version, activity_id, mandatory, number_of_list, signature_id) values (EUMOWY.ACTIVITY_SIGNATURES_SEQ.NEXTVAL, 0,1,0,1,4);
insert into EUMOWY.ACTIVITY_SIGNATURES (id, version, activity_id, mandatory, number_of_list, signature_id) values (EUMOWY.ACTIVITY_SIGNATURES_SEQ.NEXTVAL, 0,1,0,2,5);
insert into EUMOWY.ACTIVITY_SIGNATURES (id, version, activity_id, mandatory, number_of_list, signature_id) values (EUMOWY.ACTIVITY_SIGNATURES_SEQ.NEXTVAL, 0,1,0,2,6);
insert into EUMOWY.ACTIVITY_SIGNATURES (id, version, activity_id, mandatory, number_of_list, signature_id) values (EUMOWY.ACTIVITY_SIGNATURES_SEQ.NEXTVAL, 0,1,0,2,7);
insert into EUMOWY.ACTIVITY_SIGNATURES (id, version, activity_id, mandatory, number_of_list, signature_id) values (EUMOWY.ACTIVITY_SIGNATURES_SEQ.NEXTVAL, 0,2,1,0,2);
insert into EUMOWY.ACTIVITY_SIGNATURES (id, version, activity_id, mandatory, number_of_list, signature_id) values (EUMOWY.ACTIVITY_SIGNATURES_SEQ.NEXTVAL, 0,2,0,1,8);
insert into EUMOWY.ACTIVITY_SIGNATURES (id, version, activity_id, mandatory, number_of_list, signature_id) values (EUMOWY.ACTIVITY_SIGNATURES_SEQ.NEXTVAL, 0,2,0,1,4);
insert into EUMOWY.ACTIVITY_SIGNATURES (id, version, activity_id, mandatory, number_of_list, signature_id) values (EUMOWY.ACTIVITY_SIGNATURES_SEQ.NEXTVAL, 0,2,0,1,9);
insert into EUMOWY.ACTIVITY_SIGNATURES (id, version, activity_id, mandatory, number_of_list, signature_id) values (EUMOWY.ACTIVITY_SIGNATURES_SEQ.NEXTVAL, 0,2,0,2,10);
insert into EUMOWY.ACTIVITY_SIGNATURES (id, version, activity_id, mandatory, number_of_list, signature_id) values (EUMOWY.ACTIVITY_SIGNATURES_SEQ.NEXTVAL, 0,2,0,2,11);
insert into EUMOWY.ACTIVITY_SIGNATURES (id, version, activity_id, mandatory, number_of_list, signature_id) values (EUMOWY.ACTIVITY_SIGNATURES_SEQ.NEXTVAL, 0,2,0,2,12);
insert into EUMOWY.ACTIVITY_SIGNATURES (id, version, activity_id, mandatory, number_of_list, signature_id) values (EUMOWY.ACTIVITY_SIGNATURES_SEQ.NEXTVAL, 0,3,1,0,2);
insert into EUMOWY.ACTIVITY_SIGNATURES (id, version, activity_id, mandatory, number_of_list, signature_id) values (EUMOWY.ACTIVITY_SIGNATURES_SEQ.NEXTVAL, 0,3,0,1,9);
insert into EUMOWY.ACTIVITY_SIGNATURES (id, version, activity_id, mandatory, number_of_list, signature_id) values (EUMOWY.ACTIVITY_SIGNATURES_SEQ.NEXTVAL, 0,3,0,1,8);
insert into EUMOWY.ACTIVITY_SIGNATURES (id, version, activity_id, mandatory, number_of_list, signature_id) values (EUMOWY.ACTIVITY_SIGNATURES_SEQ.NEXTVAL, 0,3,0,1,4);
insert into EUMOWY.ACTIVITY_SIGNATURES (id, version, activity_id, mandatory, number_of_list, signature_id) values (EUMOWY.ACTIVITY_SIGNATURES_SEQ.NEXTVAL, 0,4,0,1,10);
insert into EUMOWY.ACTIVITY_SIGNATURES (id, version, activity_id, mandatory, number_of_list, signature_id) values (EUMOWY.ACTIVITY_SIGNATURES_SEQ.NEXTVAL, 0,4,0,1,11);
insert into EUMOWY.ACTIVITY_SIGNATURES (id, version, activity_id, mandatory, number_of_list, signature_id) values (EUMOWY.ACTIVITY_SIGNATURES_SEQ.NEXTVAL, 0,5,0,1,12);
insert into EUMOWY.ACTIVITY_SIGNATURES (id, version, activity_id, mandatory, number_of_list, signature_id) values (EUMOWY.ACTIVITY_SIGNATURES_SEQ.NEXTVAL, 0,6,0,1,8);
insert into EUMOWY.ACTIVITY_SIGNATURES (id, version, activity_id, mandatory, number_of_list, signature_id) values (EUMOWY.ACTIVITY_SIGNATURES_SEQ.NEXTVAL, 0,6,0,1,4);
insert into EUMOWY.ACTIVITY_SIGNATURES (id, version, activity_id, mandatory, number_of_list, signature_id) values (EUMOWY.ACTIVITY_SIGNATURES_SEQ.NEXTVAL, 0,7,0,1,9);
insert into EUMOWY.ACTIVITY_SIGNATURES (id, version, activity_id, mandatory, number_of_list, signature_id) values (EUMOWY.ACTIVITY_SIGNATURES_SEQ.NEXTVAL, 0,8,0,1,13);
insert into EUMOWY.ACTIVITY_SIGNATURES (id, version, activity_id, mandatory, number_of_list, signature_id) values (EUMOWY.ACTIVITY_SIGNATURES_SEQ.NEXTVAL, 0,9,0,1,14);
insert into EUMOWY.ACTIVITY_SIGNATURES (id, version, activity_id, mandatory, number_of_list, signature_id) values (EUMOWY.ACTIVITY_SIGNATURES_SEQ.NEXTVAL, 0,9,0,1,15);
insert into EUMOWY.ACTIVITY_SIGNATURES (id, version, activity_id, mandatory, number_of_list, signature_id) values (EUMOWY.ACTIVITY_SIGNATURES_SEQ.NEXTVAL, 0,10,0,1,16);
insert into EUMOWY.ACTIVITY_SIGNATURES (id, version, activity_id, mandatory, number_of_list, signature_id) values (EUMOWY.ACTIVITY_SIGNATURES_SEQ.NEXTVAL, 0,11,0,1,17);
insert into EUMOWY.ACTIVITY_SIGNATURES (id, version, activity_id, mandatory, number_of_list, signature_id) values (EUMOWY.ACTIVITY_SIGNATURES_SEQ.NEXTVAL, 0,16,0,1,18);
insert into EUMOWY.ACTIVITY_SIGNATURES (id, version, activity_id, mandatory, number_of_list, signature_id) values (EUMOWY.ACTIVITY_SIGNATURES_SEQ.NEXTVAL, 0,16,0,2,19);
insert into EUMOWY.ACTIVITY_SIGNATURES (id, version, activity_id, mandatory, number_of_list, signature_id) values (EUMOWY.ACTIVITY_SIGNATURES_SEQ.NEXTVAL, 0,12,0,1,15);
insert into EUMOWY.ACTIVITY_SIGNATURES (id, version, activity_id, mandatory, number_of_list, signature_id) values (EUMOWY.ACTIVITY_SIGNATURES_SEQ.NEXTVAL, 0,12,0,1,14);
insert into EUMOWY.ACTIVITY_SIGNATURES (id, version, activity_id, mandatory, number_of_list, signature_id) values (EUMOWY.ACTIVITY_SIGNATURES_SEQ.NEXTVAL, 0,12,1,0,2);
insert into EUMOWY.ACTIVITY_SIGNATURES (id, version, activity_id, mandatory, number_of_list, signature_id) values (EUMOWY.ACTIVITY_SIGNATURES_SEQ.NEXTVAL, 0,13,0,1,20);
insert into EUMOWY.ACTIVITY_SIGNATURES (id, version, activity_id, mandatory, number_of_list, signature_id) values (EUMOWY.ACTIVITY_SIGNATURES_SEQ.NEXTVAL, 0,13,0,1,21);
insert into EUMOWY.ACTIVITY_SIGNATURES (id, version, activity_id, mandatory, number_of_list, signature_id) values (EUMOWY.ACTIVITY_SIGNATURES_SEQ.NEXTVAL, 0,13,0,2,8);
insert into EUMOWY.ACTIVITY_SIGNATURES (id, version, activity_id, mandatory, number_of_list, signature_id) values (EUMOWY.ACTIVITY_SIGNATURES_SEQ.NEXTVAL, 0,13,0,2,4);
insert into EUMOWY.ACTIVITY_SIGNATURES (id, version, activity_id, mandatory, number_of_list, signature_id) values (EUMOWY.ACTIVITY_SIGNATURES_SEQ.NEXTVAL, 0,13,0,2,22);
insert into EUMOWY.ACTIVITY_SIGNATURES (id, version, activity_id, mandatory, number_of_list, signature_id) values (EUMOWY.ACTIVITY_SIGNATURES_SEQ.NEXTVAL, 0,14,0,1,23);
insert into EUMOWY.ACTIVITY_SIGNATURES (id, version, activity_id, mandatory, number_of_list, signature_id) values (EUMOWY.ACTIVITY_SIGNATURES_SEQ.NEXTVAL, 0,14,0,1,24);
insert into EUMOWY.ACTIVITY_SIGNATURES (id, version, activity_id, mandatory, number_of_list, signature_id) values (EUMOWY.ACTIVITY_SIGNATURES_SEQ.NEXTVAL, 0,15,0,1,25);
insert into EUMOWY.ACTIVITY_SIGNATURES (id, version, activity_id, mandatory, number_of_list, signature_id) values (EUMOWY.ACTIVITY_SIGNATURES_SEQ.NEXTVAL, 0,17,0,1,26);
insert into EUMOWY.ACTIVITY_SIGNATURES (id, version, activity_id, mandatory, number_of_list, signature_id) values (EUMOWY.ACTIVITY_SIGNATURES_SEQ.NEXTVAL, 0,17,0,2,27);
insert into EUMOWY.ACTIVITY_SIGNATURES (id, version, activity_id, mandatory, number_of_list, signature_id) values (EUMOWY.ACTIVITY_SIGNATURES_SEQ.NEXTVAL, 0,18,0,1,28);
insert into EUMOWY.ACTIVITY_SIGNATURES (id, version, activity_id, mandatory, number_of_list, signature_id) values (EUMOWY.ACTIVITY_SIGNATURES_SEQ.NEXTVAL, 0,18,0,2,27);
insert into EUMOWY.ACTIVITY_SIGNATURES (id, version, activity_id, mandatory, number_of_list, signature_id) values (EUMOWY.ACTIVITY_SIGNATURES_SEQ.NEXTVAL, 0,19,0,1,29);

insert into EUMOWY.calcfield (id, version, name) values (1, 0,'MCC');
insert into EUMOWY.calcfield (id, version, name) values (2, 0,'STAWKA_PP_ORANGE');
insert into EUMOWY.calcfield (id, version, name) values (3, 0,'STAWKA_PP_PLUS');
insert into EUMOWY.calcfield (id, version, name) values (4, 0,'STAWKA_PP_T_MOBILE');
insert into EUMOWY.calcfield (id, version, name) values (5, 0,'STAWKA_PP_PLAY');
insert into EUMOWY.calcfield (id, version, name) values (6, 0,'STAWKA_PP_GALENA');
insert into EUMOWY.calcfield (id, version, name) values (7, 0,'OPLATA_ZA_APL_PP');
insert into EUMOWY.calcfield (id, version, name) values (8, 0,'STAWKA_PP_VIRGIN');
insert into EUMOWY.calcfield (id, version, name) values (9, 0,'STAWKA_PP_LYCA');
insert into EUMOWY.calcfield (id, version, name) values (10, 0,'STAWKA_PP_MUNDIO');
insert into EUMOWY.calcfield (id, version, name) values (11, 0,'NIP');
insert into EUMOWY.calcfield (id, version, name) values (12, 0,'CZY_TELEPOMPKA');
insert into EUMOWY.calcfield (id, version, name) values (13, 0,'DEKLARACJA_SPRZEDAZY_PP');
insert into EUMOWY.calcfield (id, version, name) values (14, 0,'OPLATA_IFPLUS_VISA');
insert into EUMOWY.calcfield (id, version, name) values (15, 0,'OPLATA_IFPLUS_MASTERCARD');
insert into EUMOWY.calcfield (id, version, name) values (16, 0,'OPLATA_IFPLUS_DINERSCLUB');
insert into EUMOWY.calcfield (id, version, name) values (17, 0,'OPLATA_IFPLUS_IKO');
insert into EUMOWY.calcfield (id, version, name) values (18, 0,'OPLATA_IFPLUS_PKOBP');
insert into EUMOWY.calcfield (id, version, name) values (19, 0,'OPLATA_MSC_11_PROCENT');
insert into EUMOWY.calcfield (id, version, name) values (20, 0,'OPLATA_MSC_12_PROCENT');
insert into EUMOWY.calcfield (id, version, name) values (21, 0,'OPLATA_MSC_13_PROCENT');
insert into EUMOWY.calcfield (id, version, name) values (22, 0,'OPLATA_MSC_21_PROCENT');
insert into EUMOWY.calcfield (id, version, name) values (23, 0,'OPLATA_MSC_22_PROCENT');
insert into EUMOWY.calcfield (id, version, name) values (24, 0,'OPLATA_MSC_23_PROCENT');
insert into EUMOWY.calcfield (id, version, name) values (25, 0,'OPLATA_MSC_822_ZL');
insert into EUMOWY.calcfield (id, version, name) values (26, 0,'OPLATA_MSC_823_ZL');
insert into EUMOWY.calcfield (id, version, name) values (27, 0,'OPLATA_MSC_83_ZL');
insert into EUMOWY.calcfield (id, version, name) values (28, 0,'OPLATA_MSC_841_ZL');
insert into EUMOWY.calcfield (id, version, name) values (29, 0,'OPLATA_MSC_842_ZL');
insert into EUMOWY.calcfield (id, version, name) values (30, 0,'OPLATA_MSC_843_ZL');
insert into EUMOWY.calcfield (id, version, name) values (31, 0,'OPLATA_MSC_722_ZL');
insert into EUMOWY.calcfield (id, version, name) values (32, 0,'OPLATA_MSC_73_ZL');
insert into EUMOWY.calcfield (id, version, name) values (33, 0,'OPLATA_MSC_811_ZL');
insert into EUMOWY.calcfield (id, version, name) values (34, 0,'OPLATA_MSC_812_ZL');
insert into EUMOWY.calcfield (id, version, name) values (35, 0,'OPLATA_MSC_813_ZL');
insert into EUMOWY.calcfield (id, version, name) values (36, 0,'OPLATA_MSC_821_ZL');
insert into EUMOWY.calcfield (id, version, name) values (37, 0,'OPLATA_MSC_641_ZL');
insert into EUMOWY.calcfield (id, version, name) values (38, 0,'OPLATA_MSC_642_ZL');
insert into EUMOWY.calcfield (id, version, name) values (39, 0,'OPLATA_MSC_643_ZL');
insert into EUMOWY.calcfield (id, version, name) values (40, 0,'OPLATA_MSC_711_ZL');
insert into EUMOWY.calcfield (id, version, name) values (41, 0,'OPLATA_MSC_712_ZL');
insert into EUMOWY.calcfield (id, version, name) values (42, 0,'OPLATA_MSC_721_ZL');
insert into EUMOWY.calcfield (id, version, name) values (43, 0,'OPLATA_MSC_612_ZL');
insert into EUMOWY.calcfield (id, version, name) values (44, 0,'OPLATA_MSC_613_ZL');
insert into EUMOWY.calcfield (id, version, name) values (45, 0,'OPLATA_MSC_621_ZL');
insert into EUMOWY.calcfield (id, version, name) values (46, 0,'OPLATA_MSC_622_ZL');
insert into EUMOWY.calcfield (id, version, name) values (47, 0,'OPLATA_MSC_623_ZL');
insert into EUMOWY.calcfield (id, version, name) values (48, 0,'OPLATA_MSC_63_ZL');
insert into EUMOWY.calcfield (id, version, name) values (49, 0,'OPLATA_MSC_44_ZL');
insert into EUMOWY.calcfield (id, version, name) values (50, 0,'OPLATA_MSC_51_ZL');
insert into EUMOWY.calcfield (id, version, name) values (51, 0,'OPLATA_MSC_52_ZL');
insert into EUMOWY.calcfield (id, version, name) values (52, 0,'OPLATA_MSC_53_ZL');
insert into EUMOWY.calcfield (id, version, name) values (53, 0,'OPLATA_MSC_54_ZL');
insert into EUMOWY.calcfield (id, version, name) values (54, 0,'OPLATA_MSC_611_ZL');
insert into EUMOWY.calcfield (id, version, name) values (55, 0,'OPLATA_MSC_321_ZL');
insert into EUMOWY.calcfield (id, version, name) values (56, 0,'OPLATA_MSC_322_ZL');
insert into EUMOWY.calcfield (id, version, name) values (57, 0,'OPLATA_MSC_33_ZL');
insert into EUMOWY.calcfield (id, version, name) values (58, 0,'OPLATA_MSC_41_ZL');
insert into EUMOWY.calcfield (id, version, name) values (59, 0,'OPLATA_MSC_42_ZL');
insert into EUMOWY.calcfield (id, version, name) values (60, 0,'OPLATA_MSC_43_ZL');
insert into EUMOWY.calcfield (id, version, name) values (61, 0,'OPLATA_MSC_13_ZL');
insert into EUMOWY.calcfield (id, version, name) values (62, 0,'OPLATA_MSC_21_ZL');
insert into EUMOWY.calcfield (id, version, name) values (63, 0,'OPLATA_MSC_22_ZL');
insert into EUMOWY.calcfield (id, version, name) values (64, 0,'OPLATA_MSC_23_ZL');
insert into EUMOWY.calcfield (id, version, name) values (65, 0,'OPLATA_MSC_311_ZL');
insert into EUMOWY.calcfield (id, version, name) values (66, 0,'OPLATA_MSC_312_ZL');
insert into EUMOWY.calcfield (id, version, name) values (67, 0,'OPLATA_MSC_842_PROCENT');
insert into EUMOWY.calcfield (id, version, name) values (68, 0,'OPLATA_MSC_843_PROCENT');
insert into EUMOWY.calcfield (id, version, name) values (69, 0,'OPLATA_MSC_9_PROCENT');
insert into EUMOWY.calcfield (id, version, name) values (70, 0,'OPLATA_MSC_10_PROCENT');
insert into EUMOWY.calcfield (id, version, name) values (71, 0,'OPLATA_MSC_11_ZL');
insert into EUMOWY.calcfield (id, version, name) values (72, 0,'OPLATA_MSC_12_ZL');
insert into EUMOWY.calcfield (id, version, name) values (73, 0,'OPLATA_MSC_813_PROCENT');
insert into EUMOWY.calcfield (id, version, name) values (74, 0,'OPLATA_MSC_821_PROCENT');
insert into EUMOWY.calcfield (id, version, name) values (75, 0,'OPLATA_MSC_822_PROCENT');
insert into EUMOWY.calcfield (id, version, name) values (76, 0,'OPLATA_MSC_823_PROCENT');
insert into EUMOWY.calcfield (id, version, name) values (77, 0,'OPLATA_MSC_83_PROCENT');
insert into EUMOWY.calcfield (id, version, name) values (78, 0,'OPLATA_MSC_841_PROCENT');
insert into EUMOWY.calcfield (id, version, name) values (79, 0,'OPLATA_MSC_712_PROCENT');
insert into EUMOWY.calcfield (id, version, name) values (80, 0,'OPLATA_MSC_721_PROCENT');
insert into EUMOWY.calcfield (id, version, name) values (81, 0,'OPLATA_MSC_722_PROCENT');
insert into EUMOWY.calcfield (id, version, name) values (82, 0,'OPLATA_MSC_73_PROCENT');
insert into EUMOWY.calcfield (id, version, name) values (83, 0,'OPLATA_MSC_811_PROCENT');
insert into EUMOWY.calcfield (id, version, name) values (84, 0,'OPLATA_MSC_812_PROCENT');
insert into EUMOWY.calcfield (id, version, name) values (85, 0,'OPLATA_MSC_623_PROCENT');
insert into EUMOWY.calcfield (id, version, name) values (86, 0,'OPLATA_MSC_63_PROCENT');
insert into EUMOWY.calcfield (id, version, name) values (87, 0,'OPLATA_MSC_641_PROCENT');
insert into EUMOWY.calcfield (id, version, name) values (88, 0,'OPLATA_MSC_642_PROCENT');
insert into EUMOWY.calcfield (id, version, name) values (89, 0,'OPLATA_MSC_643_PROCENT');
insert into EUMOWY.calcfield (id, version, name) values (90, 0,'OPLATA_MSC_711_PROCENT');
insert into EUMOWY.calcfield (id, version, name) values (91, 0,'OPLATA_MSC_54_PROCENT');
insert into EUMOWY.calcfield (id, version, name) values (92, 0,'OPLATA_MSC_611_PROCENT');
insert into EUMOWY.calcfield (id, version, name) values (93, 0,'OPLATA_MSC_612_PROCENT');
insert into EUMOWY.calcfield (id, version, name) values (94, 0,'OPLATA_MSC_613_PROCENT');
insert into EUMOWY.calcfield (id, version, name) values (95, 0,'OPLATA_MSC_621_PROCENT');
insert into EUMOWY.calcfield (id, version, name) values (96, 0,'OPLATA_MSC_622_PROCENT');
insert into EUMOWY.calcfield (id, version, name) values (97, 0,'OPLATA_MSC_42_PROCENT');
insert into EUMOWY.calcfield (id, version, name) values (98, 0,'OPLATA_MSC_43_PROCENT');
insert into EUMOWY.calcfield (id, version, name) values (99, 0,'OPLATA_MSC_44_PROCENT');
insert into EUMOWY.calcfield (id, version, name) values (100, 0,'OPLATA_MSC_51_PROCENT');
insert into EUMOWY.calcfield (id, version, name) values (101, 0,'OPLATA_MSC_52_PROCENT');
insert into EUMOWY.calcfield (id, version, name) values (102, 0,'OPLATA_MSC_53_PROCENT');
insert into EUMOWY.calcfield (id, version, name) values (103, 0,'OPLATA_MSC_311_PROCENT');
insert into EUMOWY.calcfield (id, version, name) values (104, 0,'OPLATA_MSC_312_PROCENT');
insert into EUMOWY.calcfield (id, version, name) values (105, 0,'OPLATA_MSC_321_PROCENT');
insert into EUMOWY.calcfield (id, version, name) values (106, 0,'OPLATA_MSC_322_PROCENT');
insert into EUMOWY.calcfield (id, version, name) values (107, 0,'OPLATA_MSC_33_PROCENT');
insert into EUMOWY.calcfield (id, version, name) values (108, 0,'OPLATA_MSC_41_PROCENT');
insert into EUMOWY.calcfield (id, version, name) values (109, 0,'OPLATA_DCC_VISA_PR');
insert into EUMOWY.calcfield (id, version, name) values (110, 0,'OPLATA_DCC_MASTERCARD_PR');
insert into EUMOWY.calcfield (id, version, name) values (111, 0,'OPLATA_DCC_MAESTRO_PR');
insert into EUMOWY.calcfield (id, version, name) values (112, 0,'OPLATA_DCC_VISA_ZL');
insert into EUMOWY.calcfield (id, version, name) values (113, 0,'OPLATA_DCC_MASTERCARD_ZL');
insert into EUMOWY.calcfield (id, version, name) values (114, 0,'OPLATA_DCC_MAESTRO_ZL');
insert into EUMOWY.calcfield (id, version, name) values (115, 0,'OPLATA_LOGO');
insert into EUMOWY.calcfield (id, version, name) values (116, 0,'OPLATA_KALKULATOR');
insert into EUMOWY.calcfield (id, version, name) values (117, 0,'TYP_DIALUP');
insert into EUMOWY.calcfield (id, version, name) values (118, 0,'TYP_VPN');
insert into EUMOWY.calcfield (id, version, name) values (119, 0,'TYP_SSL');
insert into EUMOWY.calcfield (id, version, name) values (120, 0,'TYP_WIFI');
insert into EUMOWY.calcfield (id, version, name) values (121, 0,'TYP_DIALUP_PP_CENA');
insert into EUMOWY.calcfield (id, version, name) values (122, 0,'TYP_VPN_PP_CENA');
insert into EUMOWY.calcfield (id, version, name) values (123, 0,'TYP_SSL_PP_CENA');
insert into EUMOWY.calcfield (id, version, name) values (124, 0,'TYP_WIFI_PP_CENA');
insert into EUMOWY.calcfield (id, version, name) values (125, 0,'TYP_GPRS_PP_CENA');
insert into EUMOWY.calcfield (id, version, name) values (126, 0,'TYP_GPRS');
insert into EUMOWY.calcfield (id, version, name) values (127, 0,'TYP_DIALUP_TERM_CENA');
insert into EUMOWY.calcfield (id, version, name) values (128, 0,'TYP_VPN_TERM_CENA');
insert into EUMOWY.calcfield (id, version, name) values (129, 0,'TYP_SSL_TERM_CENA');
insert into EUMOWY.calcfield (id, version, name) values (130, 0,'TYP_WIFI_TERM_CENA');
insert into EUMOWY.calcfield (id, version, name) values (131, 0,'TYP_GPRS_TERM_CENA');
insert into EUMOWY.calcfield (id, version, name) values (132, 0,'OPLATA_DCC');
insert into EUMOWY.calcfield (id, version, name) values (133, 0,'13');
insert into EUMOWY.calcfield (id, version, name) values (134, 0,'LICZBA_MIESIECY_LOJ');
insert into EUMOWY.calcfield (id, version, name) values (135, 0,'PAKIET_SERWIS_PRESTIZ');
insert into EUMOWY.calcfield (id, version, name) values (136, 0,'PAKIET_SERWIS_KOMFORT');
insert into EUMOWY.calcfield (id, version, name) values (137, 0,'PAKIET_SERWIS_EKONOMICZNY');

insert into EUMOWY.CALCFIELD_SIGNATURE (id, version, calc_field_id, signature_id) values (EUMOWY.CALCFIELD_SIGNATURE_SEQ.NEXTVAL, 0,1,3);
insert into EUMOWY.CALCFIELD_SIGNATURE (id, version, calc_field_id, signature_id) values (EUMOWY.CALCFIELD_SIGNATURE_SEQ.NEXTVAL, 0,2,14);
insert into EUMOWY.CALCFIELD_SIGNATURE (id, version, calc_field_id, signature_id) values (EUMOWY.CALCFIELD_SIGNATURE_SEQ.NEXTVAL, 0,3,14);
insert into EUMOWY.CALCFIELD_SIGNATURE (id, version, calc_field_id, signature_id) values (EUMOWY.CALCFIELD_SIGNATURE_SEQ.NEXTVAL, 0,4,14);
insert into EUMOWY.CALCFIELD_SIGNATURE (id, version, calc_field_id, signature_id) values (EUMOWY.CALCFIELD_SIGNATURE_SEQ.NEXTVAL, 0,5,14);
insert into EUMOWY.CALCFIELD_SIGNATURE (id, version, calc_field_id, signature_id) values (EUMOWY.CALCFIELD_SIGNATURE_SEQ.NEXTVAL, 0,6,14);
insert into EUMOWY.CALCFIELD_SIGNATURE (id, version, calc_field_id, signature_id) values (EUMOWY.CALCFIELD_SIGNATURE_SEQ.NEXTVAL, 0,7,14);
insert into EUMOWY.CALCFIELD_SIGNATURE (id, version, calc_field_id, signature_id) values (EUMOWY.CALCFIELD_SIGNATURE_SEQ.NEXTVAL, 0,8,14);
insert into EUMOWY.CALCFIELD_SIGNATURE (id, version, calc_field_id, signature_id) values (EUMOWY.CALCFIELD_SIGNATURE_SEQ.NEXTVAL, 0,9,14);
insert into EUMOWY.CALCFIELD_SIGNATURE (id, version, calc_field_id, signature_id) values (EUMOWY.CALCFIELD_SIGNATURE_SEQ.NEXTVAL, 0,10,14);
insert into EUMOWY.CALCFIELD_SIGNATURE (id, version, calc_field_id, signature_id) values (EUMOWY.CALCFIELD_SIGNATURE_SEQ.NEXTVAL, 0,11,14);
insert into EUMOWY.CALCFIELD_SIGNATURE (id, version, calc_field_id, signature_id) values (EUMOWY.CALCFIELD_SIGNATURE_SEQ.NEXTVAL, 0,12,14);
insert into EUMOWY.CALCFIELD_SIGNATURE (id, version, calc_field_id, signature_id) values (EUMOWY.CALCFIELD_SIGNATURE_SEQ.NEXTVAL, 0,13,14);
insert into EUMOWY.CALCFIELD_SIGNATURE (id, version, calc_field_id, signature_id) values (EUMOWY.CALCFIELD_SIGNATURE_SEQ.NEXTVAL, 0,11,20);
insert into EUMOWY.CALCFIELD_SIGNATURE (id, version, calc_field_id, signature_id) values (EUMOWY.CALCFIELD_SIGNATURE_SEQ.NEXTVAL, 0,14,12);
insert into EUMOWY.CALCFIELD_SIGNATURE (id, version, calc_field_id, signature_id) values (EUMOWY.CALCFIELD_SIGNATURE_SEQ.NEXTVAL, 0,15,12);
insert into EUMOWY.CALCFIELD_SIGNATURE (id, version, calc_field_id, signature_id) values (EUMOWY.CALCFIELD_SIGNATURE_SEQ.NEXTVAL, 0,16,12);
insert into EUMOWY.CALCFIELD_SIGNATURE (id, version, calc_field_id, signature_id) values (EUMOWY.CALCFIELD_SIGNATURE_SEQ.NEXTVAL, 0,17,12);
insert into EUMOWY.CALCFIELD_SIGNATURE (id, version, calc_field_id, signature_id) values (EUMOWY.CALCFIELD_SIGNATURE_SEQ.NEXTVAL, 0,18,12);
insert into EUMOWY.CALCFIELD_SIGNATURE (id, version, calc_field_id, signature_id) values (EUMOWY.CALCFIELD_SIGNATURE_SEQ.NEXTVAL, 0,14,7);
insert into EUMOWY.CALCFIELD_SIGNATURE (id, version, calc_field_id, signature_id) values (EUMOWY.CALCFIELD_SIGNATURE_SEQ.NEXTVAL, 0,15,7);
insert into EUMOWY.CALCFIELD_SIGNATURE (id, version, calc_field_id, signature_id) values (EUMOWY.CALCFIELD_SIGNATURE_SEQ.NEXTVAL, 0,16,7);
insert into EUMOWY.CALCFIELD_SIGNATURE (id, version, calc_field_id, signature_id) values (EUMOWY.CALCFIELD_SIGNATURE_SEQ.NEXTVAL, 0,17,7);
insert into EUMOWY.CALCFIELD_SIGNATURE (id, version, calc_field_id, signature_id) values (EUMOWY.CALCFIELD_SIGNATURE_SEQ.NEXTVAL, 0,18,7);
insert into EUMOWY.CALCFIELD_SIGNATURE (id, version, calc_field_id, signature_id) values (EUMOWY.CALCFIELD_SIGNATURE_SEQ.NEXTVAL, 0,1,3);
insert into EUMOWY.CALCFIELD_SIGNATURE (id, version, calc_field_id, signature_id) values (EUMOWY.CALCFIELD_SIGNATURE_SEQ.NEXTVAL, 0,2,14);
insert into EUMOWY.CALCFIELD_SIGNATURE (id, version, calc_field_id, signature_id) values (EUMOWY.CALCFIELD_SIGNATURE_SEQ.NEXTVAL, 0,3,14);
insert into EUMOWY.CALCFIELD_SIGNATURE (id, version, calc_field_id, signature_id) values (EUMOWY.CALCFIELD_SIGNATURE_SEQ.NEXTVAL, 0,4,14);
insert into EUMOWY.CALCFIELD_SIGNATURE (id, version, calc_field_id, signature_id) values (EUMOWY.CALCFIELD_SIGNATURE_SEQ.NEXTVAL, 0,5,14);
insert into EUMOWY.CALCFIELD_SIGNATURE (id, version, calc_field_id, signature_id) values (EUMOWY.CALCFIELD_SIGNATURE_SEQ.NEXTVAL, 0,6,14);
insert into EUMOWY.CALCFIELD_SIGNATURE (id, version, calc_field_id, signature_id) values (EUMOWY.CALCFIELD_SIGNATURE_SEQ.NEXTVAL, 0,7,14);
insert into EUMOWY.CALCFIELD_SIGNATURE (id, version, calc_field_id, signature_id) values (EUMOWY.CALCFIELD_SIGNATURE_SEQ.NEXTVAL, 0,8,14);
insert into EUMOWY.CALCFIELD_SIGNATURE (id, version, calc_field_id, signature_id) values (EUMOWY.CALCFIELD_SIGNATURE_SEQ.NEXTVAL, 0,9,14);
insert into EUMOWY.CALCFIELD_SIGNATURE (id, version, calc_field_id, signature_id) values (EUMOWY.CALCFIELD_SIGNATURE_SEQ.NEXTVAL, 0,10,14);
insert into EUMOWY.CALCFIELD_SIGNATURE (id, version, calc_field_id, signature_id) values (EUMOWY.CALCFIELD_SIGNATURE_SEQ.NEXTVAL, 0,11,14);
insert into EUMOWY.CALCFIELD_SIGNATURE (id, version, calc_field_id, signature_id) values (EUMOWY.CALCFIELD_SIGNATURE_SEQ.NEXTVAL, 0,12,14);
insert into EUMOWY.CALCFIELD_SIGNATURE (id, version, calc_field_id, signature_id) values (EUMOWY.CALCFIELD_SIGNATURE_SEQ.NEXTVAL, 0,13,14);
insert into EUMOWY.CALCFIELD_SIGNATURE (id, version, calc_field_id, signature_id) values (EUMOWY.CALCFIELD_SIGNATURE_SEQ.NEXTVAL, 0,11,20);
insert into EUMOWY.CALCFIELD_SIGNATURE (id, version, calc_field_id, signature_id) values (EUMOWY.CALCFIELD_SIGNATURE_SEQ.NEXTVAL, 0,14,12);
insert into EUMOWY.CALCFIELD_SIGNATURE (id, version, calc_field_id, signature_id) values (EUMOWY.CALCFIELD_SIGNATURE_SEQ.NEXTVAL, 0,15,12);
insert into EUMOWY.CALCFIELD_SIGNATURE (id, version, calc_field_id, signature_id) values (EUMOWY.CALCFIELD_SIGNATURE_SEQ.NEXTVAL, 0,16,12);
insert into EUMOWY.CALCFIELD_SIGNATURE (id, version, calc_field_id, signature_id) values (EUMOWY.CALCFIELD_SIGNATURE_SEQ.NEXTVAL, 0,17,12);
insert into EUMOWY.CALCFIELD_SIGNATURE (id, version, calc_field_id, signature_id) values (EUMOWY.CALCFIELD_SIGNATURE_SEQ.NEXTVAL, 0,18,12);
insert into EUMOWY.CALCFIELD_SIGNATURE (id, version, calc_field_id, signature_id) values (EUMOWY.CALCFIELD_SIGNATURE_SEQ.NEXTVAL, 0,14,7);
insert into EUMOWY.CALCFIELD_SIGNATURE (id, version, calc_field_id, signature_id) values (EUMOWY.CALCFIELD_SIGNATURE_SEQ.NEXTVAL, 0,15,7);
insert into EUMOWY.CALCFIELD_SIGNATURE (id, version, calc_field_id, signature_id) values (EUMOWY.CALCFIELD_SIGNATURE_SEQ.NEXTVAL, 0,16,7);
insert into EUMOWY.CALCFIELD_SIGNATURE (id, version, calc_field_id, signature_id) values (EUMOWY.CALCFIELD_SIGNATURE_SEQ.NEXTVAL, 0,17,7);
insert into EUMOWY.CALCFIELD_SIGNATURE (id, version, calc_field_id, signature_id) values (EUMOWY.CALCFIELD_SIGNATURE_SEQ.NEXTVAL, 0,18,7);
insert into EUMOWY.CALCFIELD_SIGNATURE (id, version, calc_field_id, signature_id) values (EUMOWY.CALCFIELD_SIGNATURE_SEQ.NEXTVAL, 0,19,25);
insert into EUMOWY.CALCFIELD_SIGNATURE (id, version, calc_field_id, signature_id) values (EUMOWY.CALCFIELD_SIGNATURE_SEQ.NEXTVAL, 0,20,25);
insert into EUMOWY.CALCFIELD_SIGNATURE (id, version, calc_field_id, signature_id) values (EUMOWY.CALCFIELD_SIGNATURE_SEQ.NEXTVAL, 0,21,25);
insert into EUMOWY.CALCFIELD_SIGNATURE (id, version, calc_field_id, signature_id) values (EUMOWY.CALCFIELD_SIGNATURE_SEQ.NEXTVAL, 0,22,25);
insert into EUMOWY.CALCFIELD_SIGNATURE (id, version, calc_field_id, signature_id) values (EUMOWY.CALCFIELD_SIGNATURE_SEQ.NEXTVAL, 0,23,25);
insert into EUMOWY.CALCFIELD_SIGNATURE (id, version, calc_field_id, signature_id) values (EUMOWY.CALCFIELD_SIGNATURE_SEQ.NEXTVAL, 0,24,25);
insert into EUMOWY.CALCFIELD_SIGNATURE (id, version, calc_field_id, signature_id) values (EUMOWY.CALCFIELD_SIGNATURE_SEQ.NEXTVAL, 0,25,25);
insert into EUMOWY.CALCFIELD_SIGNATURE (id, version, calc_field_id, signature_id) values (EUMOWY.CALCFIELD_SIGNATURE_SEQ.NEXTVAL, 0,26,25);
insert into EUMOWY.CALCFIELD_SIGNATURE (id, version, calc_field_id, signature_id) values (EUMOWY.CALCFIELD_SIGNATURE_SEQ.NEXTVAL, 0,27,25);
insert into EUMOWY.CALCFIELD_SIGNATURE (id, version, calc_field_id, signature_id) values (EUMOWY.CALCFIELD_SIGNATURE_SEQ.NEXTVAL, 0,28,25);
insert into EUMOWY.CALCFIELD_SIGNATURE (id, version, calc_field_id, signature_id) values (EUMOWY.CALCFIELD_SIGNATURE_SEQ.NEXTVAL, 0,29,25);
insert into EUMOWY.CALCFIELD_SIGNATURE (id, version, calc_field_id, signature_id) values (EUMOWY.CALCFIELD_SIGNATURE_SEQ.NEXTVAL, 0,30,25);
insert into EUMOWY.CALCFIELD_SIGNATURE (id, version, calc_field_id, signature_id) values (EUMOWY.CALCFIELD_SIGNATURE_SEQ.NEXTVAL, 0,31,25);
insert into EUMOWY.CALCFIELD_SIGNATURE (id, version, calc_field_id, signature_id) values (EUMOWY.CALCFIELD_SIGNATURE_SEQ.NEXTVAL, 0,32,25);
insert into EUMOWY.CALCFIELD_SIGNATURE (id, version, calc_field_id, signature_id) values (EUMOWY.CALCFIELD_SIGNATURE_SEQ.NEXTVAL, 0,33,25);
insert into EUMOWY.CALCFIELD_SIGNATURE (id, version, calc_field_id, signature_id) values (EUMOWY.CALCFIELD_SIGNATURE_SEQ.NEXTVAL, 0,34,25);
insert into EUMOWY.CALCFIELD_SIGNATURE (id, version, calc_field_id, signature_id) values (EUMOWY.CALCFIELD_SIGNATURE_SEQ.NEXTVAL, 0,35,25);
insert into EUMOWY.CALCFIELD_SIGNATURE (id, version, calc_field_id, signature_id) values (EUMOWY.CALCFIELD_SIGNATURE_SEQ.NEXTVAL, 0,36,25);
insert into EUMOWY.CALCFIELD_SIGNATURE (id, version, calc_field_id, signature_id) values (EUMOWY.CALCFIELD_SIGNATURE_SEQ.NEXTVAL, 0,37,25);
insert into EUMOWY.CALCFIELD_SIGNATURE (id, version, calc_field_id, signature_id) values (EUMOWY.CALCFIELD_SIGNATURE_SEQ.NEXTVAL, 0,38,25);
insert into EUMOWY.CALCFIELD_SIGNATURE (id, version, calc_field_id, signature_id) values (EUMOWY.CALCFIELD_SIGNATURE_SEQ.NEXTVAL, 0,39,25);
insert into EUMOWY.CALCFIELD_SIGNATURE (id, version, calc_field_id, signature_id) values (EUMOWY.CALCFIELD_SIGNATURE_SEQ.NEXTVAL, 0,40,25);
insert into EUMOWY.CALCFIELD_SIGNATURE (id, version, calc_field_id, signature_id) values (EUMOWY.CALCFIELD_SIGNATURE_SEQ.NEXTVAL, 0,41,25);
insert into EUMOWY.CALCFIELD_SIGNATURE (id, version, calc_field_id, signature_id) values (EUMOWY.CALCFIELD_SIGNATURE_SEQ.NEXTVAL, 0,42,25);
insert into EUMOWY.CALCFIELD_SIGNATURE (id, version, calc_field_id, signature_id) values (EUMOWY.CALCFIELD_SIGNATURE_SEQ.NEXTVAL, 0,43,25);
insert into EUMOWY.CALCFIELD_SIGNATURE (id, version, calc_field_id, signature_id) values (EUMOWY.CALCFIELD_SIGNATURE_SEQ.NEXTVAL, 0,44,25);
insert into EUMOWY.CALCFIELD_SIGNATURE (id, version, calc_field_id, signature_id) values (EUMOWY.CALCFIELD_SIGNATURE_SEQ.NEXTVAL, 0,45,25);
insert into EUMOWY.CALCFIELD_SIGNATURE (id, version, calc_field_id, signature_id) values (EUMOWY.CALCFIELD_SIGNATURE_SEQ.NEXTVAL, 0,46,25);
insert into EUMOWY.CALCFIELD_SIGNATURE (id, version, calc_field_id, signature_id) values (EUMOWY.CALCFIELD_SIGNATURE_SEQ.NEXTVAL, 0,47,25);
insert into EUMOWY.CALCFIELD_SIGNATURE (id, version, calc_field_id, signature_id) values (EUMOWY.CALCFIELD_SIGNATURE_SEQ.NEXTVAL, 0,48,25);
insert into EUMOWY.CALCFIELD_SIGNATURE (id, version, calc_field_id, signature_id) values (EUMOWY.CALCFIELD_SIGNATURE_SEQ.NEXTVAL, 0,49,25);
insert into EUMOWY.CALCFIELD_SIGNATURE (id, version, calc_field_id, signature_id) values (EUMOWY.CALCFIELD_SIGNATURE_SEQ.NEXTVAL, 0,50,25);
insert into EUMOWY.CALCFIELD_SIGNATURE (id, version, calc_field_id, signature_id) values (EUMOWY.CALCFIELD_SIGNATURE_SEQ.NEXTVAL, 0,51,25);
insert into EUMOWY.CALCFIELD_SIGNATURE (id, version, calc_field_id, signature_id) values (EUMOWY.CALCFIELD_SIGNATURE_SEQ.NEXTVAL, 0,52,25);
insert into EUMOWY.CALCFIELD_SIGNATURE (id, version, calc_field_id, signature_id) values (EUMOWY.CALCFIELD_SIGNATURE_SEQ.NEXTVAL, 0,53,25);
insert into EUMOWY.CALCFIELD_SIGNATURE (id, version, calc_field_id, signature_id) values (EUMOWY.CALCFIELD_SIGNATURE_SEQ.NEXTVAL, 0,54,25);
insert into EUMOWY.CALCFIELD_SIGNATURE (id, version, calc_field_id, signature_id) values (EUMOWY.CALCFIELD_SIGNATURE_SEQ.NEXTVAL, 0,55,25);
insert into EUMOWY.CALCFIELD_SIGNATURE (id, version, calc_field_id, signature_id) values (EUMOWY.CALCFIELD_SIGNATURE_SEQ.NEXTVAL, 0,56,25);
insert into EUMOWY.CALCFIELD_SIGNATURE (id, version, calc_field_id, signature_id) values (EUMOWY.CALCFIELD_SIGNATURE_SEQ.NEXTVAL, 0,57,25);
insert into EUMOWY.CALCFIELD_SIGNATURE (id, version, calc_field_id, signature_id) values (EUMOWY.CALCFIELD_SIGNATURE_SEQ.NEXTVAL, 0,58,25);
insert into EUMOWY.CALCFIELD_SIGNATURE (id, version, calc_field_id, signature_id) values (EUMOWY.CALCFIELD_SIGNATURE_SEQ.NEXTVAL, 0,59,25);
insert into EUMOWY.CALCFIELD_SIGNATURE (id, version, calc_field_id, signature_id) values (EUMOWY.CALCFIELD_SIGNATURE_SEQ.NEXTVAL, 0,60,25);
insert into EUMOWY.CALCFIELD_SIGNATURE (id, version, calc_field_id, signature_id) values (EUMOWY.CALCFIELD_SIGNATURE_SEQ.NEXTVAL, 0,61,25);
insert into EUMOWY.CALCFIELD_SIGNATURE (id, version, calc_field_id, signature_id) values (EUMOWY.CALCFIELD_SIGNATURE_SEQ.NEXTVAL, 0,62,25);
insert into EUMOWY.CALCFIELD_SIGNATURE (id, version, calc_field_id, signature_id) values (EUMOWY.CALCFIELD_SIGNATURE_SEQ.NEXTVAL, 0,63,25);
insert into EUMOWY.CALCFIELD_SIGNATURE (id, version, calc_field_id, signature_id) values (EUMOWY.CALCFIELD_SIGNATURE_SEQ.NEXTVAL, 0,64,25);
insert into EUMOWY.CALCFIELD_SIGNATURE (id, version, calc_field_id, signature_id) values (EUMOWY.CALCFIELD_SIGNATURE_SEQ.NEXTVAL, 0,65,25);
insert into EUMOWY.CALCFIELD_SIGNATURE (id, version, calc_field_id, signature_id) values (EUMOWY.CALCFIELD_SIGNATURE_SEQ.NEXTVAL, 0,66,25);
insert into EUMOWY.CALCFIELD_SIGNATURE (id, version, calc_field_id, signature_id) values (EUMOWY.CALCFIELD_SIGNATURE_SEQ.NEXTVAL, 0,67,25);
insert into EUMOWY.CALCFIELD_SIGNATURE (id, version, calc_field_id, signature_id) values (EUMOWY.CALCFIELD_SIGNATURE_SEQ.NEXTVAL, 0,68,25);
insert into EUMOWY.CALCFIELD_SIGNATURE (id, version, calc_field_id, signature_id) values (EUMOWY.CALCFIELD_SIGNATURE_SEQ.NEXTVAL, 0,69,25);
insert into EUMOWY.CALCFIELD_SIGNATURE (id, version, calc_field_id, signature_id) values (EUMOWY.CALCFIELD_SIGNATURE_SEQ.NEXTVAL, 0,70,25);
insert into EUMOWY.CALCFIELD_SIGNATURE (id, version, calc_field_id, signature_id) values (EUMOWY.CALCFIELD_SIGNATURE_SEQ.NEXTVAL, 0,71,25);
insert into EUMOWY.CALCFIELD_SIGNATURE (id, version, calc_field_id, signature_id) values (EUMOWY.CALCFIELD_SIGNATURE_SEQ.NEXTVAL, 0,72,25);
insert into EUMOWY.CALCFIELD_SIGNATURE (id, version, calc_field_id, signature_id) values (EUMOWY.CALCFIELD_SIGNATURE_SEQ.NEXTVAL, 0,73,25);
insert into EUMOWY.CALCFIELD_SIGNATURE (id, version, calc_field_id, signature_id) values (EUMOWY.CALCFIELD_SIGNATURE_SEQ.NEXTVAL, 0,74,25);
insert into EUMOWY.CALCFIELD_SIGNATURE (id, version, calc_field_id, signature_id) values (EUMOWY.CALCFIELD_SIGNATURE_SEQ.NEXTVAL, 0,75,25);
insert into EUMOWY.CALCFIELD_SIGNATURE (id, version, calc_field_id, signature_id) values (EUMOWY.CALCFIELD_SIGNATURE_SEQ.NEXTVAL, 0,76,25);
insert into EUMOWY.CALCFIELD_SIGNATURE (id, version, calc_field_id, signature_id) values (EUMOWY.CALCFIELD_SIGNATURE_SEQ.NEXTVAL, 0,77,25);
insert into EUMOWY.CALCFIELD_SIGNATURE (id, version, calc_field_id, signature_id) values (EUMOWY.CALCFIELD_SIGNATURE_SEQ.NEXTVAL, 0,78,25);
insert into EUMOWY.CALCFIELD_SIGNATURE (id, version, calc_field_id, signature_id) values (EUMOWY.CALCFIELD_SIGNATURE_SEQ.NEXTVAL, 0,79,25);
insert into EUMOWY.CALCFIELD_SIGNATURE (id, version, calc_field_id, signature_id) values (EUMOWY.CALCFIELD_SIGNATURE_SEQ.NEXTVAL, 0,80,25);
insert into EUMOWY.CALCFIELD_SIGNATURE (id, version, calc_field_id, signature_id) values (EUMOWY.CALCFIELD_SIGNATURE_SEQ.NEXTVAL, 0,81,25);
insert into EUMOWY.CALCFIELD_SIGNATURE (id, version, calc_field_id, signature_id) values (EUMOWY.CALCFIELD_SIGNATURE_SEQ.NEXTVAL, 0,82,25);
insert into EUMOWY.CALCFIELD_SIGNATURE (id, version, calc_field_id, signature_id) values (EUMOWY.CALCFIELD_SIGNATURE_SEQ.NEXTVAL, 0,83,25);
insert into EUMOWY.CALCFIELD_SIGNATURE (id, version, calc_field_id, signature_id) values (EUMOWY.CALCFIELD_SIGNATURE_SEQ.NEXTVAL, 0,84,25);
insert into EUMOWY.CALCFIELD_SIGNATURE (id, version, calc_field_id, signature_id) values (EUMOWY.CALCFIELD_SIGNATURE_SEQ.NEXTVAL, 0,85,25);
insert into EUMOWY.CALCFIELD_SIGNATURE (id, version, calc_field_id, signature_id) values (EUMOWY.CALCFIELD_SIGNATURE_SEQ.NEXTVAL, 0,86,25);
insert into EUMOWY.CALCFIELD_SIGNATURE (id, version, calc_field_id, signature_id) values (EUMOWY.CALCFIELD_SIGNATURE_SEQ.NEXTVAL, 0,87,25);
insert into EUMOWY.CALCFIELD_SIGNATURE (id, version, calc_field_id, signature_id) values (EUMOWY.CALCFIELD_SIGNATURE_SEQ.NEXTVAL, 0,88,25);
insert into EUMOWY.CALCFIELD_SIGNATURE (id, version, calc_field_id, signature_id) values (EUMOWY.CALCFIELD_SIGNATURE_SEQ.NEXTVAL, 0,89,25);
insert into EUMOWY.CALCFIELD_SIGNATURE (id, version, calc_field_id, signature_id) values (EUMOWY.CALCFIELD_SIGNATURE_SEQ.NEXTVAL, 0,90,25);
insert into EUMOWY.CALCFIELD_SIGNATURE (id, version, calc_field_id, signature_id) values (EUMOWY.CALCFIELD_SIGNATURE_SEQ.NEXTVAL, 0,91,25);
insert into EUMOWY.CALCFIELD_SIGNATURE (id, version, calc_field_id, signature_id) values (EUMOWY.CALCFIELD_SIGNATURE_SEQ.NEXTVAL, 0,92,25);
insert into EUMOWY.CALCFIELD_SIGNATURE (id, version, calc_field_id, signature_id) values (EUMOWY.CALCFIELD_SIGNATURE_SEQ.NEXTVAL, 0,93,25);
insert into EUMOWY.CALCFIELD_SIGNATURE (id, version, calc_field_id, signature_id) values (EUMOWY.CALCFIELD_SIGNATURE_SEQ.NEXTVAL, 0,94,25);
insert into EUMOWY.CALCFIELD_SIGNATURE (id, version, calc_field_id, signature_id) values (EUMOWY.CALCFIELD_SIGNATURE_SEQ.NEXTVAL, 0,95,25);
insert into EUMOWY.CALCFIELD_SIGNATURE (id, version, calc_field_id, signature_id) values (EUMOWY.CALCFIELD_SIGNATURE_SEQ.NEXTVAL, 0,96,25);
insert into EUMOWY.CALCFIELD_SIGNATURE (id, version, calc_field_id, signature_id) values (EUMOWY.CALCFIELD_SIGNATURE_SEQ.NEXTVAL, 0,97,25);
insert into EUMOWY.CALCFIELD_SIGNATURE (id, version, calc_field_id, signature_id) values (EUMOWY.CALCFIELD_SIGNATURE_SEQ.NEXTVAL, 0,98,25);
insert into EUMOWY.CALCFIELD_SIGNATURE (id, version, calc_field_id, signature_id) values (EUMOWY.CALCFIELD_SIGNATURE_SEQ.NEXTVAL, 0,99,25);
insert into EUMOWY.CALCFIELD_SIGNATURE (id, version, calc_field_id, signature_id) values (EUMOWY.CALCFIELD_SIGNATURE_SEQ.NEXTVAL, 0,100,25);
insert into EUMOWY.CALCFIELD_SIGNATURE (id, version, calc_field_id, signature_id) values (EUMOWY.CALCFIELD_SIGNATURE_SEQ.NEXTVAL, 0,101,25);
insert into EUMOWY.CALCFIELD_SIGNATURE (id, version, calc_field_id, signature_id) values (EUMOWY.CALCFIELD_SIGNATURE_SEQ.NEXTVAL, 0,102,25);
insert into EUMOWY.CALCFIELD_SIGNATURE (id, version, calc_field_id, signature_id) values (EUMOWY.CALCFIELD_SIGNATURE_SEQ.NEXTVAL, 0,103,25);
insert into EUMOWY.CALCFIELD_SIGNATURE (id, version, calc_field_id, signature_id) values (EUMOWY.CALCFIELD_SIGNATURE_SEQ.NEXTVAL, 0,104,25);
insert into EUMOWY.CALCFIELD_SIGNATURE (id, version, calc_field_id, signature_id) values (EUMOWY.CALCFIELD_SIGNATURE_SEQ.NEXTVAL, 0,105,25);
insert into EUMOWY.CALCFIELD_SIGNATURE (id, version, calc_field_id, signature_id) values (EUMOWY.CALCFIELD_SIGNATURE_SEQ.NEXTVAL, 0,106,25);
insert into EUMOWY.CALCFIELD_SIGNATURE (id, version, calc_field_id, signature_id) values (EUMOWY.CALCFIELD_SIGNATURE_SEQ.NEXTVAL, 0,107,25);
insert into EUMOWY.CALCFIELD_SIGNATURE (id, version, calc_field_id, signature_id) values (EUMOWY.CALCFIELD_SIGNATURE_SEQ.NEXTVAL, 0,108,25);
insert into EUMOWY.CALCFIELD_SIGNATURE (id, version, calc_field_id, signature_id) values (EUMOWY.CALCFIELD_SIGNATURE_SEQ.NEXTVAL, 0,19,10);
insert into EUMOWY.CALCFIELD_SIGNATURE (id, version, calc_field_id, signature_id) values (EUMOWY.CALCFIELD_SIGNATURE_SEQ.NEXTVAL, 0,20,10);
insert into EUMOWY.CALCFIELD_SIGNATURE (id, version, calc_field_id, signature_id) values (EUMOWY.CALCFIELD_SIGNATURE_SEQ.NEXTVAL, 0,21,10);
insert into EUMOWY.CALCFIELD_SIGNATURE (id, version, calc_field_id, signature_id) values (EUMOWY.CALCFIELD_SIGNATURE_SEQ.NEXTVAL, 0,22,10);
insert into EUMOWY.CALCFIELD_SIGNATURE (id, version, calc_field_id, signature_id) values (EUMOWY.CALCFIELD_SIGNATURE_SEQ.NEXTVAL, 0,23,10);
insert into EUMOWY.CALCFIELD_SIGNATURE (id, version, calc_field_id, signature_id) values (EUMOWY.CALCFIELD_SIGNATURE_SEQ.NEXTVAL, 0,24,10);
insert into EUMOWY.CALCFIELD_SIGNATURE (id, version, calc_field_id, signature_id) values (EUMOWY.CALCFIELD_SIGNATURE_SEQ.NEXTVAL, 0,25,10);
insert into EUMOWY.CALCFIELD_SIGNATURE (id, version, calc_field_id, signature_id) values (EUMOWY.CALCFIELD_SIGNATURE_SEQ.NEXTVAL, 0,26,10);
insert into EUMOWY.CALCFIELD_SIGNATURE (id, version, calc_field_id, signature_id) values (EUMOWY.CALCFIELD_SIGNATURE_SEQ.NEXTVAL, 0,27,10);
insert into EUMOWY.CALCFIELD_SIGNATURE (id, version, calc_field_id, signature_id) values (EUMOWY.CALCFIELD_SIGNATURE_SEQ.NEXTVAL, 0,28,10);
insert into EUMOWY.CALCFIELD_SIGNATURE (id, version, calc_field_id, signature_id) values (EUMOWY.CALCFIELD_SIGNATURE_SEQ.NEXTVAL, 0,29,10);
insert into EUMOWY.CALCFIELD_SIGNATURE (id, version, calc_field_id, signature_id) values (EUMOWY.CALCFIELD_SIGNATURE_SEQ.NEXTVAL, 0,30,10);
insert into EUMOWY.CALCFIELD_SIGNATURE (id, version, calc_field_id, signature_id) values (EUMOWY.CALCFIELD_SIGNATURE_SEQ.NEXTVAL, 0,31,10);
insert into EUMOWY.CALCFIELD_SIGNATURE (id, version, calc_field_id, signature_id) values (EUMOWY.CALCFIELD_SIGNATURE_SEQ.NEXTVAL, 0,32,10);
insert into EUMOWY.CALCFIELD_SIGNATURE (id, version, calc_field_id, signature_id) values (EUMOWY.CALCFIELD_SIGNATURE_SEQ.NEXTVAL, 0,33,10);
insert into EUMOWY.CALCFIELD_SIGNATURE (id, version, calc_field_id, signature_id) values (EUMOWY.CALCFIELD_SIGNATURE_SEQ.NEXTVAL, 0,34,10);
insert into EUMOWY.CALCFIELD_SIGNATURE (id, version, calc_field_id, signature_id) values (EUMOWY.CALCFIELD_SIGNATURE_SEQ.NEXTVAL, 0,35,10);
insert into EUMOWY.CALCFIELD_SIGNATURE (id, version, calc_field_id, signature_id) values (EUMOWY.CALCFIELD_SIGNATURE_SEQ.NEXTVAL, 0,36,10);
insert into EUMOWY.CALCFIELD_SIGNATURE (id, version, calc_field_id, signature_id) values (EUMOWY.CALCFIELD_SIGNATURE_SEQ.NEXTVAL, 0,37,10);
insert into EUMOWY.CALCFIELD_SIGNATURE (id, version, calc_field_id, signature_id) values (EUMOWY.CALCFIELD_SIGNATURE_SEQ.NEXTVAL, 0,38,10);
insert into EUMOWY.CALCFIELD_SIGNATURE (id, version, calc_field_id, signature_id) values (EUMOWY.CALCFIELD_SIGNATURE_SEQ.NEXTVAL, 0,39,10);
insert into EUMOWY.CALCFIELD_SIGNATURE (id, version, calc_field_id, signature_id) values (EUMOWY.CALCFIELD_SIGNATURE_SEQ.NEXTVAL, 0,40,10);
insert into EUMOWY.CALCFIELD_SIGNATURE (id, version, calc_field_id, signature_id) values (EUMOWY.CALCFIELD_SIGNATURE_SEQ.NEXTVAL, 0,41,10);
insert into EUMOWY.CALCFIELD_SIGNATURE (id, version, calc_field_id, signature_id) values (EUMOWY.CALCFIELD_SIGNATURE_SEQ.NEXTVAL, 0,42,10);
insert into EUMOWY.CALCFIELD_SIGNATURE (id, version, calc_field_id, signature_id) values (EUMOWY.CALCFIELD_SIGNATURE_SEQ.NEXTVAL, 0,43,10);
insert into EUMOWY.CALCFIELD_SIGNATURE (id, version, calc_field_id, signature_id) values (EUMOWY.CALCFIELD_SIGNATURE_SEQ.NEXTVAL, 0,44,10);
insert into EUMOWY.CALCFIELD_SIGNATURE (id, version, calc_field_id, signature_id) values (EUMOWY.CALCFIELD_SIGNATURE_SEQ.NEXTVAL, 0,45,10);
insert into EUMOWY.CALCFIELD_SIGNATURE (id, version, calc_field_id, signature_id) values (EUMOWY.CALCFIELD_SIGNATURE_SEQ.NEXTVAL, 0,46,10);
insert into EUMOWY.CALCFIELD_SIGNATURE (id, version, calc_field_id, signature_id) values (EUMOWY.CALCFIELD_SIGNATURE_SEQ.NEXTVAL, 0,47,10);
insert into EUMOWY.CALCFIELD_SIGNATURE (id, version, calc_field_id, signature_id) values (EUMOWY.CALCFIELD_SIGNATURE_SEQ.NEXTVAL, 0,48,10);
insert into EUMOWY.CALCFIELD_SIGNATURE (id, version, calc_field_id, signature_id) values (EUMOWY.CALCFIELD_SIGNATURE_SEQ.NEXTVAL, 0,49,10);
insert into EUMOWY.CALCFIELD_SIGNATURE (id, version, calc_field_id, signature_id) values (EUMOWY.CALCFIELD_SIGNATURE_SEQ.NEXTVAL, 0,50,10);
insert into EUMOWY.CALCFIELD_SIGNATURE (id, version, calc_field_id, signature_id) values (EUMOWY.CALCFIELD_SIGNATURE_SEQ.NEXTVAL, 0,51,10);
insert into EUMOWY.CALCFIELD_SIGNATURE (id, version, calc_field_id, signature_id) values (EUMOWY.CALCFIELD_SIGNATURE_SEQ.NEXTVAL, 0,52,10);
insert into EUMOWY.CALCFIELD_SIGNATURE (id, version, calc_field_id, signature_id) values (EUMOWY.CALCFIELD_SIGNATURE_SEQ.NEXTVAL, 0,53,10);
insert into EUMOWY.CALCFIELD_SIGNATURE (id, version, calc_field_id, signature_id) values (EUMOWY.CALCFIELD_SIGNATURE_SEQ.NEXTVAL, 0,54,10);
insert into EUMOWY.CALCFIELD_SIGNATURE (id, version, calc_field_id, signature_id) values (EUMOWY.CALCFIELD_SIGNATURE_SEQ.NEXTVAL, 0,55,10);
insert into EUMOWY.CALCFIELD_SIGNATURE (id, version, calc_field_id, signature_id) values (EUMOWY.CALCFIELD_SIGNATURE_SEQ.NEXTVAL, 0,56,10);
insert into EUMOWY.CALCFIELD_SIGNATURE (id, version, calc_field_id, signature_id) values (EUMOWY.CALCFIELD_SIGNATURE_SEQ.NEXTVAL, 0,57,10);
insert into EUMOWY.CALCFIELD_SIGNATURE (id, version, calc_field_id, signature_id) values (EUMOWY.CALCFIELD_SIGNATURE_SEQ.NEXTVAL, 0,58,10);
insert into EUMOWY.CALCFIELD_SIGNATURE (id, version, calc_field_id, signature_id) values (EUMOWY.CALCFIELD_SIGNATURE_SEQ.NEXTVAL, 0,59,10);
insert into EUMOWY.CALCFIELD_SIGNATURE (id, version, calc_field_id, signature_id) values (EUMOWY.CALCFIELD_SIGNATURE_SEQ.NEXTVAL, 0,60,10);
insert into EUMOWY.CALCFIELD_SIGNATURE (id, version, calc_field_id, signature_id) values (EUMOWY.CALCFIELD_SIGNATURE_SEQ.NEXTVAL, 0,61,10);
insert into EUMOWY.CALCFIELD_SIGNATURE (id, version, calc_field_id, signature_id) values (EUMOWY.CALCFIELD_SIGNATURE_SEQ.NEXTVAL, 0,62,10);
insert into EUMOWY.CALCFIELD_SIGNATURE (id, version, calc_field_id, signature_id) values (EUMOWY.CALCFIELD_SIGNATURE_SEQ.NEXTVAL, 0,63,10);
insert into EUMOWY.CALCFIELD_SIGNATURE (id, version, calc_field_id, signature_id) values (EUMOWY.CALCFIELD_SIGNATURE_SEQ.NEXTVAL, 0,64,10);
insert into EUMOWY.CALCFIELD_SIGNATURE (id, version, calc_field_id, signature_id) values (EUMOWY.CALCFIELD_SIGNATURE_SEQ.NEXTVAL, 0,65,10);
insert into EUMOWY.CALCFIELD_SIGNATURE (id, version, calc_field_id, signature_id) values (EUMOWY.CALCFIELD_SIGNATURE_SEQ.NEXTVAL, 0,66,10);
insert into EUMOWY.CALCFIELD_SIGNATURE (id, version, calc_field_id, signature_id) values (EUMOWY.CALCFIELD_SIGNATURE_SEQ.NEXTVAL, 0,67,10);
insert into EUMOWY.CALCFIELD_SIGNATURE (id, version, calc_field_id, signature_id) values (EUMOWY.CALCFIELD_SIGNATURE_SEQ.NEXTVAL, 0,68,10);
insert into EUMOWY.CALCFIELD_SIGNATURE (id, version, calc_field_id, signature_id) values (EUMOWY.CALCFIELD_SIGNATURE_SEQ.NEXTVAL, 0,69,10);
insert into EUMOWY.CALCFIELD_SIGNATURE (id, version, calc_field_id, signature_id) values (EUMOWY.CALCFIELD_SIGNATURE_SEQ.NEXTVAL, 0,70,10);
insert into EUMOWY.CALCFIELD_SIGNATURE (id, version, calc_field_id, signature_id) values (EUMOWY.CALCFIELD_SIGNATURE_SEQ.NEXTVAL, 0,71,10);
insert into EUMOWY.CALCFIELD_SIGNATURE (id, version, calc_field_id, signature_id) values (EUMOWY.CALCFIELD_SIGNATURE_SEQ.NEXTVAL, 0,72,10);
insert into EUMOWY.CALCFIELD_SIGNATURE (id, version, calc_field_id, signature_id) values (EUMOWY.CALCFIELD_SIGNATURE_SEQ.NEXTVAL, 0,73,10);
insert into EUMOWY.CALCFIELD_SIGNATURE (id, version, calc_field_id, signature_id) values (EUMOWY.CALCFIELD_SIGNATURE_SEQ.NEXTVAL, 0,74,10);
insert into EUMOWY.CALCFIELD_SIGNATURE (id, version, calc_field_id, signature_id) values (EUMOWY.CALCFIELD_SIGNATURE_SEQ.NEXTVAL, 0,75,10);
insert into EUMOWY.CALCFIELD_SIGNATURE (id, version, calc_field_id, signature_id) values (EUMOWY.CALCFIELD_SIGNATURE_SEQ.NEXTVAL, 0,76,10);
insert into EUMOWY.CALCFIELD_SIGNATURE (id, version, calc_field_id, signature_id) values (EUMOWY.CALCFIELD_SIGNATURE_SEQ.NEXTVAL, 0,77,10);
insert into EUMOWY.CALCFIELD_SIGNATURE (id, version, calc_field_id, signature_id) values (EUMOWY.CALCFIELD_SIGNATURE_SEQ.NEXTVAL, 0,78,10);
insert into EUMOWY.CALCFIELD_SIGNATURE (id, version, calc_field_id, signature_id) values (EUMOWY.CALCFIELD_SIGNATURE_SEQ.NEXTVAL, 0,79,10);
insert into EUMOWY.CALCFIELD_SIGNATURE (id, version, calc_field_id, signature_id) values (EUMOWY.CALCFIELD_SIGNATURE_SEQ.NEXTVAL, 0,80,10);
insert into EUMOWY.CALCFIELD_SIGNATURE (id, version, calc_field_id, signature_id) values (EUMOWY.CALCFIELD_SIGNATURE_SEQ.NEXTVAL, 0,81,10);
insert into EUMOWY.CALCFIELD_SIGNATURE (id, version, calc_field_id, signature_id) values (EUMOWY.CALCFIELD_SIGNATURE_SEQ.NEXTVAL, 0,82,10);
insert into EUMOWY.CALCFIELD_SIGNATURE (id, version, calc_field_id, signature_id) values (EUMOWY.CALCFIELD_SIGNATURE_SEQ.NEXTVAL, 0,83,10);
insert into EUMOWY.CALCFIELD_SIGNATURE (id, version, calc_field_id, signature_id) values (EUMOWY.CALCFIELD_SIGNATURE_SEQ.NEXTVAL, 0,84,10);
insert into EUMOWY.CALCFIELD_SIGNATURE (id, version, calc_field_id, signature_id) values (EUMOWY.CALCFIELD_SIGNATURE_SEQ.NEXTVAL, 0,85,10);
insert into EUMOWY.CALCFIELD_SIGNATURE (id, version, calc_field_id, signature_id) values (EUMOWY.CALCFIELD_SIGNATURE_SEQ.NEXTVAL, 0,86,10);
insert into EUMOWY.CALCFIELD_SIGNATURE (id, version, calc_field_id, signature_id) values (EUMOWY.CALCFIELD_SIGNATURE_SEQ.NEXTVAL, 0,87,10);
insert into EUMOWY.CALCFIELD_SIGNATURE (id, version, calc_field_id, signature_id) values (EUMOWY.CALCFIELD_SIGNATURE_SEQ.NEXTVAL, 0,88,10);
insert into EUMOWY.CALCFIELD_SIGNATURE (id, version, calc_field_id, signature_id) values (EUMOWY.CALCFIELD_SIGNATURE_SEQ.NEXTVAL, 0,89,10);
insert into EUMOWY.CALCFIELD_SIGNATURE (id, version, calc_field_id, signature_id) values (EUMOWY.CALCFIELD_SIGNATURE_SEQ.NEXTVAL, 0,90,10);
insert into EUMOWY.CALCFIELD_SIGNATURE (id, version, calc_field_id, signature_id) values (EUMOWY.CALCFIELD_SIGNATURE_SEQ.NEXTVAL, 0,91,10);
insert into EUMOWY.CALCFIELD_SIGNATURE (id, version, calc_field_id, signature_id) values (EUMOWY.CALCFIELD_SIGNATURE_SEQ.NEXTVAL, 0,92,10);
insert into EUMOWY.CALCFIELD_SIGNATURE (id, version, calc_field_id, signature_id) values (EUMOWY.CALCFIELD_SIGNATURE_SEQ.NEXTVAL, 0,93,10);
insert into EUMOWY.CALCFIELD_SIGNATURE (id, version, calc_field_id, signature_id) values (EUMOWY.CALCFIELD_SIGNATURE_SEQ.NEXTVAL, 0,94,10);
insert into EUMOWY.CALCFIELD_SIGNATURE (id, version, calc_field_id, signature_id) values (EUMOWY.CALCFIELD_SIGNATURE_SEQ.NEXTVAL, 0,95,10);
insert into EUMOWY.CALCFIELD_SIGNATURE (id, version, calc_field_id, signature_id) values (EUMOWY.CALCFIELD_SIGNATURE_SEQ.NEXTVAL, 0,96,10);
insert into EUMOWY.CALCFIELD_SIGNATURE (id, version, calc_field_id, signature_id) values (EUMOWY.CALCFIELD_SIGNATURE_SEQ.NEXTVAL, 0,97,10);
insert into EUMOWY.CALCFIELD_SIGNATURE (id, version, calc_field_id, signature_id) values (EUMOWY.CALCFIELD_SIGNATURE_SEQ.NEXTVAL, 0,98,10);
insert into EUMOWY.CALCFIELD_SIGNATURE (id, version, calc_field_id, signature_id) values (EUMOWY.CALCFIELD_SIGNATURE_SEQ.NEXTVAL, 0,99,10);
insert into EUMOWY.CALCFIELD_SIGNATURE (id, version, calc_field_id, signature_id) values (EUMOWY.CALCFIELD_SIGNATURE_SEQ.NEXTVAL, 0,100,10);
insert into EUMOWY.CALCFIELD_SIGNATURE (id, version, calc_field_id, signature_id) values (EUMOWY.CALCFIELD_SIGNATURE_SEQ.NEXTVAL, 0,101,10);
insert into EUMOWY.CALCFIELD_SIGNATURE (id, version, calc_field_id, signature_id) values (EUMOWY.CALCFIELD_SIGNATURE_SEQ.NEXTVAL, 0,102,10);
insert into EUMOWY.CALCFIELD_SIGNATURE (id, version, calc_field_id, signature_id) values (EUMOWY.CALCFIELD_SIGNATURE_SEQ.NEXTVAL, 0,103,10);
insert into EUMOWY.CALCFIELD_SIGNATURE (id, version, calc_field_id, signature_id) values (EUMOWY.CALCFIELD_SIGNATURE_SEQ.NEXTVAL, 0,104,10);
insert into EUMOWY.CALCFIELD_SIGNATURE (id, version, calc_field_id, signature_id) values (EUMOWY.CALCFIELD_SIGNATURE_SEQ.NEXTVAL, 0,105,10);
insert into EUMOWY.CALCFIELD_SIGNATURE (id, version, calc_field_id, signature_id) values (EUMOWY.CALCFIELD_SIGNATURE_SEQ.NEXTVAL, 0,106,10);
insert into EUMOWY.CALCFIELD_SIGNATURE (id, version, calc_field_id, signature_id) values (EUMOWY.CALCFIELD_SIGNATURE_SEQ.NEXTVAL, 0,107,10);
insert into EUMOWY.CALCFIELD_SIGNATURE (id, version, calc_field_id, signature_id) values (EUMOWY.CALCFIELD_SIGNATURE_SEQ.NEXTVAL, 0,108,10);
insert into EUMOWY.CALCFIELD_SIGNATURE (id, version, calc_field_id, signature_id) values (EUMOWY.CALCFIELD_SIGNATURE_SEQ.NEXTVAL, 0,19,11);
insert into EUMOWY.CALCFIELD_SIGNATURE (id, version, calc_field_id, signature_id) values (EUMOWY.CALCFIELD_SIGNATURE_SEQ.NEXTVAL, 0,20,11);
insert into EUMOWY.CALCFIELD_SIGNATURE (id, version, calc_field_id, signature_id) values (EUMOWY.CALCFIELD_SIGNATURE_SEQ.NEXTVAL, 0,21,11);
insert into EUMOWY.CALCFIELD_SIGNATURE (id, version, calc_field_id, signature_id) values (EUMOWY.CALCFIELD_SIGNATURE_SEQ.NEXTVAL, 0,22,11);
insert into EUMOWY.CALCFIELD_SIGNATURE (id, version, calc_field_id, signature_id) values (EUMOWY.CALCFIELD_SIGNATURE_SEQ.NEXTVAL, 0,23,11);
insert into EUMOWY.CALCFIELD_SIGNATURE (id, version, calc_field_id, signature_id) values (EUMOWY.CALCFIELD_SIGNATURE_SEQ.NEXTVAL, 0,24,11);
insert into EUMOWY.CALCFIELD_SIGNATURE (id, version, calc_field_id, signature_id) values (EUMOWY.CALCFIELD_SIGNATURE_SEQ.NEXTVAL, 0,25,11);
insert into EUMOWY.CALCFIELD_SIGNATURE (id, version, calc_field_id, signature_id) values (EUMOWY.CALCFIELD_SIGNATURE_SEQ.NEXTVAL, 0,26,11);
insert into EUMOWY.CALCFIELD_SIGNATURE (id, version, calc_field_id, signature_id) values (EUMOWY.CALCFIELD_SIGNATURE_SEQ.NEXTVAL, 0,27,11);
insert into EUMOWY.CALCFIELD_SIGNATURE (id, version, calc_field_id, signature_id) values (EUMOWY.CALCFIELD_SIGNATURE_SEQ.NEXTVAL, 0,28,11);
insert into EUMOWY.CALCFIELD_SIGNATURE (id, version, calc_field_id, signature_id) values (EUMOWY.CALCFIELD_SIGNATURE_SEQ.NEXTVAL, 0,29,11);
insert into EUMOWY.CALCFIELD_SIGNATURE (id, version, calc_field_id, signature_id) values (EUMOWY.CALCFIELD_SIGNATURE_SEQ.NEXTVAL, 0,30,11);
insert into EUMOWY.CALCFIELD_SIGNATURE (id, version, calc_field_id, signature_id) values (EUMOWY.CALCFIELD_SIGNATURE_SEQ.NEXTVAL, 0,31,11);
insert into EUMOWY.CALCFIELD_SIGNATURE (id, version, calc_field_id, signature_id) values (EUMOWY.CALCFIELD_SIGNATURE_SEQ.NEXTVAL, 0,32,11);
insert into EUMOWY.CALCFIELD_SIGNATURE (id, version, calc_field_id, signature_id) values (EUMOWY.CALCFIELD_SIGNATURE_SEQ.NEXTVAL, 0,33,11);
insert into EUMOWY.CALCFIELD_SIGNATURE (id, version, calc_field_id, signature_id) values (EUMOWY.CALCFIELD_SIGNATURE_SEQ.NEXTVAL, 0,34,11);
insert into EUMOWY.CALCFIELD_SIGNATURE (id, version, calc_field_id, signature_id) values (EUMOWY.CALCFIELD_SIGNATURE_SEQ.NEXTVAL, 0,35,11);
insert into EUMOWY.CALCFIELD_SIGNATURE (id, version, calc_field_id, signature_id) values (EUMOWY.CALCFIELD_SIGNATURE_SEQ.NEXTVAL, 0,36,11);
insert into EUMOWY.CALCFIELD_SIGNATURE (id, version, calc_field_id, signature_id) values (EUMOWY.CALCFIELD_SIGNATURE_SEQ.NEXTVAL, 0,37,11);
insert into EUMOWY.CALCFIELD_SIGNATURE (id, version, calc_field_id, signature_id) values (EUMOWY.CALCFIELD_SIGNATURE_SEQ.NEXTVAL, 0,38,11);
insert into EUMOWY.CALCFIELD_SIGNATURE (id, version, calc_field_id, signature_id) values (EUMOWY.CALCFIELD_SIGNATURE_SEQ.NEXTVAL, 0,39,11);
insert into EUMOWY.CALCFIELD_SIGNATURE (id, version, calc_field_id, signature_id) values (EUMOWY.CALCFIELD_SIGNATURE_SEQ.NEXTVAL, 0,40,11);
insert into EUMOWY.CALCFIELD_SIGNATURE (id, version, calc_field_id, signature_id) values (EUMOWY.CALCFIELD_SIGNATURE_SEQ.NEXTVAL, 0,41,11);
insert into EUMOWY.CALCFIELD_SIGNATURE (id, version, calc_field_id, signature_id) values (EUMOWY.CALCFIELD_SIGNATURE_SEQ.NEXTVAL, 0,42,11);
insert into EUMOWY.CALCFIELD_SIGNATURE (id, version, calc_field_id, signature_id) values (EUMOWY.CALCFIELD_SIGNATURE_SEQ.NEXTVAL, 0,43,11);
insert into EUMOWY.CALCFIELD_SIGNATURE (id, version, calc_field_id, signature_id) values (EUMOWY.CALCFIELD_SIGNATURE_SEQ.NEXTVAL, 0,44,11);
insert into EUMOWY.CALCFIELD_SIGNATURE (id, version, calc_field_id, signature_id) values (EUMOWY.CALCFIELD_SIGNATURE_SEQ.NEXTVAL, 0,45,11);
insert into EUMOWY.CALCFIELD_SIGNATURE (id, version, calc_field_id, signature_id) values (EUMOWY.CALCFIELD_SIGNATURE_SEQ.NEXTVAL, 0,46,11);
insert into EUMOWY.CALCFIELD_SIGNATURE (id, version, calc_field_id, signature_id) values (EUMOWY.CALCFIELD_SIGNATURE_SEQ.NEXTVAL, 0,47,11);
insert into EUMOWY.CALCFIELD_SIGNATURE (id, version, calc_field_id, signature_id) values (EUMOWY.CALCFIELD_SIGNATURE_SEQ.NEXTVAL, 0,48,11);
insert into EUMOWY.CALCFIELD_SIGNATURE (id, version, calc_field_id, signature_id) values (EUMOWY.CALCFIELD_SIGNATURE_SEQ.NEXTVAL, 0,49,11);
insert into EUMOWY.CALCFIELD_SIGNATURE (id, version, calc_field_id, signature_id) values (EUMOWY.CALCFIELD_SIGNATURE_SEQ.NEXTVAL, 0,50,11);
insert into EUMOWY.CALCFIELD_SIGNATURE (id, version, calc_field_id, signature_id) values (EUMOWY.CALCFIELD_SIGNATURE_SEQ.NEXTVAL, 0,51,11);
insert into EUMOWY.CALCFIELD_SIGNATURE (id, version, calc_field_id, signature_id) values (EUMOWY.CALCFIELD_SIGNATURE_SEQ.NEXTVAL, 0,52,11);
insert into EUMOWY.CALCFIELD_SIGNATURE (id, version, calc_field_id, signature_id) values (EUMOWY.CALCFIELD_SIGNATURE_SEQ.NEXTVAL, 0,53,11);
insert into EUMOWY.CALCFIELD_SIGNATURE (id, version, calc_field_id, signature_id) values (EUMOWY.CALCFIELD_SIGNATURE_SEQ.NEXTVAL, 0,54,11);
insert into EUMOWY.CALCFIELD_SIGNATURE (id, version, calc_field_id, signature_id) values (EUMOWY.CALCFIELD_SIGNATURE_SEQ.NEXTVAL, 0,55,11);
insert into EUMOWY.CALCFIELD_SIGNATURE (id, version, calc_field_id, signature_id) values (EUMOWY.CALCFIELD_SIGNATURE_SEQ.NEXTVAL, 0,56,11);
insert into EUMOWY.CALCFIELD_SIGNATURE (id, version, calc_field_id, signature_id) values (EUMOWY.CALCFIELD_SIGNATURE_SEQ.NEXTVAL, 0,57,11);
insert into EUMOWY.CALCFIELD_SIGNATURE (id, version, calc_field_id, signature_id) values (EUMOWY.CALCFIELD_SIGNATURE_SEQ.NEXTVAL, 0,58,11);
insert into EUMOWY.CALCFIELD_SIGNATURE (id, version, calc_field_id, signature_id) values (EUMOWY.CALCFIELD_SIGNATURE_SEQ.NEXTVAL, 0,59,11);
insert into EUMOWY.CALCFIELD_SIGNATURE (id, version, calc_field_id, signature_id) values (EUMOWY.CALCFIELD_SIGNATURE_SEQ.NEXTVAL, 0,60,11);
insert into EUMOWY.CALCFIELD_SIGNATURE (id, version, calc_field_id, signature_id) values (EUMOWY.CALCFIELD_SIGNATURE_SEQ.NEXTVAL, 0,61,11);
insert into EUMOWY.CALCFIELD_SIGNATURE (id, version, calc_field_id, signature_id) values (EUMOWY.CALCFIELD_SIGNATURE_SEQ.NEXTVAL, 0,62,11);
insert into EUMOWY.CALCFIELD_SIGNATURE (id, version, calc_field_id, signature_id) values (EUMOWY.CALCFIELD_SIGNATURE_SEQ.NEXTVAL, 0,63,11);
insert into EUMOWY.CALCFIELD_SIGNATURE (id, version, calc_field_id, signature_id) values (EUMOWY.CALCFIELD_SIGNATURE_SEQ.NEXTVAL, 0,64,11);
insert into EUMOWY.CALCFIELD_SIGNATURE (id, version, calc_field_id, signature_id) values (EUMOWY.CALCFIELD_SIGNATURE_SEQ.NEXTVAL, 0,65,11);
insert into EUMOWY.CALCFIELD_SIGNATURE (id, version, calc_field_id, signature_id) values (EUMOWY.CALCFIELD_SIGNATURE_SEQ.NEXTVAL, 0,66,11);
insert into EUMOWY.CALCFIELD_SIGNATURE (id, version, calc_field_id, signature_id) values (EUMOWY.CALCFIELD_SIGNATURE_SEQ.NEXTVAL, 0,67,11);
insert into EUMOWY.CALCFIELD_SIGNATURE (id, version, calc_field_id, signature_id) values (EUMOWY.CALCFIELD_SIGNATURE_SEQ.NEXTVAL, 0,68,11);
insert into EUMOWY.CALCFIELD_SIGNATURE (id, version, calc_field_id, signature_id) values (EUMOWY.CALCFIELD_SIGNATURE_SEQ.NEXTVAL, 0,69,11);
insert into EUMOWY.CALCFIELD_SIGNATURE (id, version, calc_field_id, signature_id) values (EUMOWY.CALCFIELD_SIGNATURE_SEQ.NEXTVAL, 0,70,11);
insert into EUMOWY.CALCFIELD_SIGNATURE (id, version, calc_field_id, signature_id) values (EUMOWY.CALCFIELD_SIGNATURE_SEQ.NEXTVAL, 0,71,11);
insert into EUMOWY.CALCFIELD_SIGNATURE (id, version, calc_field_id, signature_id) values (EUMOWY.CALCFIELD_SIGNATURE_SEQ.NEXTVAL, 0,72,11);
insert into EUMOWY.CALCFIELD_SIGNATURE (id, version, calc_field_id, signature_id) values (EUMOWY.CALCFIELD_SIGNATURE_SEQ.NEXTVAL, 0,73,11);
insert into EUMOWY.CALCFIELD_SIGNATURE (id, version, calc_field_id, signature_id) values (EUMOWY.CALCFIELD_SIGNATURE_SEQ.NEXTVAL, 0,74,11);
insert into EUMOWY.CALCFIELD_SIGNATURE (id, version, calc_field_id, signature_id) values (EUMOWY.CALCFIELD_SIGNATURE_SEQ.NEXTVAL, 0,75,11);
insert into EUMOWY.CALCFIELD_SIGNATURE (id, version, calc_field_id, signature_id) values (EUMOWY.CALCFIELD_SIGNATURE_SEQ.NEXTVAL, 0,76,11);
insert into EUMOWY.CALCFIELD_SIGNATURE (id, version, calc_field_id, signature_id) values (EUMOWY.CALCFIELD_SIGNATURE_SEQ.NEXTVAL, 0,77,11);
insert into EUMOWY.CALCFIELD_SIGNATURE (id, version, calc_field_id, signature_id) values (EUMOWY.CALCFIELD_SIGNATURE_SEQ.NEXTVAL, 0,78,11);
insert into EUMOWY.CALCFIELD_SIGNATURE (id, version, calc_field_id, signature_id) values (EUMOWY.CALCFIELD_SIGNATURE_SEQ.NEXTVAL, 0,79,11);
insert into EUMOWY.CALCFIELD_SIGNATURE (id, version, calc_field_id, signature_id) values (EUMOWY.CALCFIELD_SIGNATURE_SEQ.NEXTVAL, 0,80,11);
insert into EUMOWY.CALCFIELD_SIGNATURE (id, version, calc_field_id, signature_id) values (EUMOWY.CALCFIELD_SIGNATURE_SEQ.NEXTVAL, 0,81,11);
insert into EUMOWY.CALCFIELD_SIGNATURE (id, version, calc_field_id, signature_id) values (EUMOWY.CALCFIELD_SIGNATURE_SEQ.NEXTVAL, 0,82,11);
insert into EUMOWY.CALCFIELD_SIGNATURE (id, version, calc_field_id, signature_id) values (EUMOWY.CALCFIELD_SIGNATURE_SEQ.NEXTVAL, 0,83,11);
insert into EUMOWY.CALCFIELD_SIGNATURE (id, version, calc_field_id, signature_id) values (EUMOWY.CALCFIELD_SIGNATURE_SEQ.NEXTVAL, 0,84,11);
insert into EUMOWY.CALCFIELD_SIGNATURE (id, version, calc_field_id, signature_id) values (EUMOWY.CALCFIELD_SIGNATURE_SEQ.NEXTVAL, 0,85,11);
insert into EUMOWY.CALCFIELD_SIGNATURE (id, version, calc_field_id, signature_id) values (EUMOWY.CALCFIELD_SIGNATURE_SEQ.NEXTVAL, 0,86,11);
insert into EUMOWY.CALCFIELD_SIGNATURE (id, version, calc_field_id, signature_id) values (EUMOWY.CALCFIELD_SIGNATURE_SEQ.NEXTVAL, 0,87,11);
insert into EUMOWY.CALCFIELD_SIGNATURE (id, version, calc_field_id, signature_id) values (EUMOWY.CALCFIELD_SIGNATURE_SEQ.NEXTVAL, 0,88,11);
insert into EUMOWY.CALCFIELD_SIGNATURE (id, version, calc_field_id, signature_id) values (EUMOWY.CALCFIELD_SIGNATURE_SEQ.NEXTVAL, 0,89,11);
insert into EUMOWY.CALCFIELD_SIGNATURE (id, version, calc_field_id, signature_id) values (EUMOWY.CALCFIELD_SIGNATURE_SEQ.NEXTVAL, 0,90,11);
insert into EUMOWY.CALCFIELD_SIGNATURE (id, version, calc_field_id, signature_id) values (EUMOWY.CALCFIELD_SIGNATURE_SEQ.NEXTVAL, 0,91,11);
insert into EUMOWY.CALCFIELD_SIGNATURE (id, version, calc_field_id, signature_id) values (EUMOWY.CALCFIELD_SIGNATURE_SEQ.NEXTVAL, 0,92,11);
insert into EUMOWY.CALCFIELD_SIGNATURE (id, version, calc_field_id, signature_id) values (EUMOWY.CALCFIELD_SIGNATURE_SEQ.NEXTVAL, 0,93,11);
insert into EUMOWY.CALCFIELD_SIGNATURE (id, version, calc_field_id, signature_id) values (EUMOWY.CALCFIELD_SIGNATURE_SEQ.NEXTVAL, 0,94,11);
insert into EUMOWY.CALCFIELD_SIGNATURE (id, version, calc_field_id, signature_id) values (EUMOWY.CALCFIELD_SIGNATURE_SEQ.NEXTVAL, 0,95,11);
insert into EUMOWY.CALCFIELD_SIGNATURE (id, version, calc_field_id, signature_id) values (EUMOWY.CALCFIELD_SIGNATURE_SEQ.NEXTVAL, 0,96,11);
insert into EUMOWY.CALCFIELD_SIGNATURE (id, version, calc_field_id, signature_id) values (EUMOWY.CALCFIELD_SIGNATURE_SEQ.NEXTVAL, 0,97,11);
insert into EUMOWY.CALCFIELD_SIGNATURE (id, version, calc_field_id, signature_id) values (EUMOWY.CALCFIELD_SIGNATURE_SEQ.NEXTVAL, 0,98,11);
insert into EUMOWY.CALCFIELD_SIGNATURE (id, version, calc_field_id, signature_id) values (EUMOWY.CALCFIELD_SIGNATURE_SEQ.NEXTVAL, 0,99,11);
insert into EUMOWY.CALCFIELD_SIGNATURE (id, version, calc_field_id, signature_id) values (EUMOWY.CALCFIELD_SIGNATURE_SEQ.NEXTVAL, 0,100,11);
insert into EUMOWY.CALCFIELD_SIGNATURE (id, version, calc_field_id, signature_id) values (EUMOWY.CALCFIELD_SIGNATURE_SEQ.NEXTVAL, 0,101,11);
insert into EUMOWY.CALCFIELD_SIGNATURE (id, version, calc_field_id, signature_id) values (EUMOWY.CALCFIELD_SIGNATURE_SEQ.NEXTVAL, 0,102,11);
insert into EUMOWY.CALCFIELD_SIGNATURE (id, version, calc_field_id, signature_id) values (EUMOWY.CALCFIELD_SIGNATURE_SEQ.NEXTVAL, 0,103,11);
insert into EUMOWY.CALCFIELD_SIGNATURE (id, version, calc_field_id, signature_id) values (EUMOWY.CALCFIELD_SIGNATURE_SEQ.NEXTVAL, 0,104,11);
insert into EUMOWY.CALCFIELD_SIGNATURE (id, version, calc_field_id, signature_id) values (EUMOWY.CALCFIELD_SIGNATURE_SEQ.NEXTVAL, 0,105,11);
insert into EUMOWY.CALCFIELD_SIGNATURE (id, version, calc_field_id, signature_id) values (EUMOWY.CALCFIELD_SIGNATURE_SEQ.NEXTVAL, 0,106,11);
insert into EUMOWY.CALCFIELD_SIGNATURE (id, version, calc_field_id, signature_id) values (EUMOWY.CALCFIELD_SIGNATURE_SEQ.NEXTVAL, 0,107,11);
insert into EUMOWY.CALCFIELD_SIGNATURE (id, version, calc_field_id, signature_id) values (EUMOWY.CALCFIELD_SIGNATURE_SEQ.NEXTVAL, 0,108,11);
insert into EUMOWY.CALCFIELD_SIGNATURE (id, version, calc_field_id, signature_id) values (EUMOWY.CALCFIELD_SIGNATURE_SEQ.NEXTVAL, 0,19,6);
insert into EUMOWY.CALCFIELD_SIGNATURE (id, version, calc_field_id, signature_id) values (EUMOWY.CALCFIELD_SIGNATURE_SEQ.NEXTVAL, 0,20,6);
insert into EUMOWY.CALCFIELD_SIGNATURE (id, version, calc_field_id, signature_id) values (EUMOWY.CALCFIELD_SIGNATURE_SEQ.NEXTVAL, 0,21,6);
insert into EUMOWY.CALCFIELD_SIGNATURE (id, version, calc_field_id, signature_id) values (EUMOWY.CALCFIELD_SIGNATURE_SEQ.NEXTVAL, 0,22,6);
insert into EUMOWY.CALCFIELD_SIGNATURE (id, version, calc_field_id, signature_id) values (EUMOWY.CALCFIELD_SIGNATURE_SEQ.NEXTVAL, 0,23,6);
insert into EUMOWY.CALCFIELD_SIGNATURE (id, version, calc_field_id, signature_id) values (EUMOWY.CALCFIELD_SIGNATURE_SEQ.NEXTVAL, 0,24,6);
insert into EUMOWY.CALCFIELD_SIGNATURE (id, version, calc_field_id, signature_id) values (EUMOWY.CALCFIELD_SIGNATURE_SEQ.NEXTVAL, 0,25,6);
insert into EUMOWY.CALCFIELD_SIGNATURE (id, version, calc_field_id, signature_id) values (EUMOWY.CALCFIELD_SIGNATURE_SEQ.NEXTVAL, 0,26,6);
insert into EUMOWY.CALCFIELD_SIGNATURE (id, version, calc_field_id, signature_id) values (EUMOWY.CALCFIELD_SIGNATURE_SEQ.NEXTVAL, 0,27,6);
insert into EUMOWY.CALCFIELD_SIGNATURE (id, version, calc_field_id, signature_id) values (EUMOWY.CALCFIELD_SIGNATURE_SEQ.NEXTVAL, 0,28,6);
insert into EUMOWY.CALCFIELD_SIGNATURE (id, version, calc_field_id, signature_id) values (EUMOWY.CALCFIELD_SIGNATURE_SEQ.NEXTVAL, 0,29,6);
insert into EUMOWY.CALCFIELD_SIGNATURE (id, version, calc_field_id, signature_id) values (EUMOWY.CALCFIELD_SIGNATURE_SEQ.NEXTVAL, 0,30,6);
insert into EUMOWY.CALCFIELD_SIGNATURE (id, version, calc_field_id, signature_id) values (EUMOWY.CALCFIELD_SIGNATURE_SEQ.NEXTVAL, 0,31,6);
insert into EUMOWY.CALCFIELD_SIGNATURE (id, version, calc_field_id, signature_id) values (EUMOWY.CALCFIELD_SIGNATURE_SEQ.NEXTVAL, 0,32,6);
insert into EUMOWY.CALCFIELD_SIGNATURE (id, version, calc_field_id, signature_id) values (EUMOWY.CALCFIELD_SIGNATURE_SEQ.NEXTVAL, 0,33,6);
insert into EUMOWY.CALCFIELD_SIGNATURE (id, version, calc_field_id, signature_id) values (EUMOWY.CALCFIELD_SIGNATURE_SEQ.NEXTVAL, 0,34,6);
insert into EUMOWY.CALCFIELD_SIGNATURE (id, version, calc_field_id, signature_id) values (EUMOWY.CALCFIELD_SIGNATURE_SEQ.NEXTVAL, 0,35,6);
insert into EUMOWY.CALCFIELD_SIGNATURE (id, version, calc_field_id, signature_id) values (EUMOWY.CALCFIELD_SIGNATURE_SEQ.NEXTVAL, 0,36,6);
insert into EUMOWY.CALCFIELD_SIGNATURE (id, version, calc_field_id, signature_id) values (EUMOWY.CALCFIELD_SIGNATURE_SEQ.NEXTVAL, 0,37,6);
insert into EUMOWY.CALCFIELD_SIGNATURE (id, version, calc_field_id, signature_id) values (EUMOWY.CALCFIELD_SIGNATURE_SEQ.NEXTVAL, 0,38,6);
insert into EUMOWY.CALCFIELD_SIGNATURE (id, version, calc_field_id, signature_id) values (EUMOWY.CALCFIELD_SIGNATURE_SEQ.NEXTVAL, 0,39,6);
insert into EUMOWY.CALCFIELD_SIGNATURE (id, version, calc_field_id, signature_id) values (EUMOWY.CALCFIELD_SIGNATURE_SEQ.NEXTVAL, 0,40,6);
insert into EUMOWY.CALCFIELD_SIGNATURE (id, version, calc_field_id, signature_id) values (EUMOWY.CALCFIELD_SIGNATURE_SEQ.NEXTVAL, 0,41,6);
insert into EUMOWY.CALCFIELD_SIGNATURE (id, version, calc_field_id, signature_id) values (EUMOWY.CALCFIELD_SIGNATURE_SEQ.NEXTVAL, 0,42,6);
insert into EUMOWY.CALCFIELD_SIGNATURE (id, version, calc_field_id, signature_id) values (EUMOWY.CALCFIELD_SIGNATURE_SEQ.NEXTVAL, 0,43,6);
insert into EUMOWY.CALCFIELD_SIGNATURE (id, version, calc_field_id, signature_id) values (EUMOWY.CALCFIELD_SIGNATURE_SEQ.NEXTVAL, 0,44,6);
insert into EUMOWY.CALCFIELD_SIGNATURE (id, version, calc_field_id, signature_id) values (EUMOWY.CALCFIELD_SIGNATURE_SEQ.NEXTVAL, 0,45,6);
insert into EUMOWY.CALCFIELD_SIGNATURE (id, version, calc_field_id, signature_id) values (EUMOWY.CALCFIELD_SIGNATURE_SEQ.NEXTVAL, 0,46,6);
insert into EUMOWY.CALCFIELD_SIGNATURE (id, version, calc_field_id, signature_id) values (EUMOWY.CALCFIELD_SIGNATURE_SEQ.NEXTVAL, 0,47,6);
insert into EUMOWY.CALCFIELD_SIGNATURE (id, version, calc_field_id, signature_id) values (EUMOWY.CALCFIELD_SIGNATURE_SEQ.NEXTVAL, 0,48,6);
insert into EUMOWY.CALCFIELD_SIGNATURE (id, version, calc_field_id, signature_id) values (EUMOWY.CALCFIELD_SIGNATURE_SEQ.NEXTVAL, 0,49,6);
insert into EUMOWY.CALCFIELD_SIGNATURE (id, version, calc_field_id, signature_id) values (EUMOWY.CALCFIELD_SIGNATURE_SEQ.NEXTVAL, 0,50,6);
insert into EUMOWY.CALCFIELD_SIGNATURE (id, version, calc_field_id, signature_id) values (EUMOWY.CALCFIELD_SIGNATURE_SEQ.NEXTVAL, 0,51,6);
insert into EUMOWY.CALCFIELD_SIGNATURE (id, version, calc_field_id, signature_id) values (EUMOWY.CALCFIELD_SIGNATURE_SEQ.NEXTVAL, 0,52,6);
insert into EUMOWY.CALCFIELD_SIGNATURE (id, version, calc_field_id, signature_id) values (EUMOWY.CALCFIELD_SIGNATURE_SEQ.NEXTVAL, 0,53,6);
insert into EUMOWY.CALCFIELD_SIGNATURE (id, version, calc_field_id, signature_id) values (EUMOWY.CALCFIELD_SIGNATURE_SEQ.NEXTVAL, 0,54,6);
insert into EUMOWY.CALCFIELD_SIGNATURE (id, version, calc_field_id, signature_id) values (EUMOWY.CALCFIELD_SIGNATURE_SEQ.NEXTVAL, 0,55,6);
insert into EUMOWY.CALCFIELD_SIGNATURE (id, version, calc_field_id, signature_id) values (EUMOWY.CALCFIELD_SIGNATURE_SEQ.NEXTVAL, 0,56,6);
insert into EUMOWY.CALCFIELD_SIGNATURE (id, version, calc_field_id, signature_id) values (EUMOWY.CALCFIELD_SIGNATURE_SEQ.NEXTVAL, 0,57,6);
insert into EUMOWY.CALCFIELD_SIGNATURE (id, version, calc_field_id, signature_id) values (EUMOWY.CALCFIELD_SIGNATURE_SEQ.NEXTVAL, 0,58,6);
insert into EUMOWY.CALCFIELD_SIGNATURE (id, version, calc_field_id, signature_id) values (EUMOWY.CALCFIELD_SIGNATURE_SEQ.NEXTVAL, 0,59,6);
insert into EUMOWY.CALCFIELD_SIGNATURE (id, version, calc_field_id, signature_id) values (EUMOWY.CALCFIELD_SIGNATURE_SEQ.NEXTVAL, 0,60,6);
insert into EUMOWY.CALCFIELD_SIGNATURE (id, version, calc_field_id, signature_id) values (EUMOWY.CALCFIELD_SIGNATURE_SEQ.NEXTVAL, 0,61,6);
insert into EUMOWY.CALCFIELD_SIGNATURE (id, version, calc_field_id, signature_id) values (EUMOWY.CALCFIELD_SIGNATURE_SEQ.NEXTVAL, 0,62,6);
insert into EUMOWY.CALCFIELD_SIGNATURE (id, version, calc_field_id, signature_id) values (EUMOWY.CALCFIELD_SIGNATURE_SEQ.NEXTVAL, 0,63,6);
insert into EUMOWY.CALCFIELD_SIGNATURE (id, version, calc_field_id, signature_id) values (EUMOWY.CALCFIELD_SIGNATURE_SEQ.NEXTVAL, 0,64,6);
insert into EUMOWY.CALCFIELD_SIGNATURE (id, version, calc_field_id, signature_id) values (EUMOWY.CALCFIELD_SIGNATURE_SEQ.NEXTVAL, 0,65,6);
insert into EUMOWY.CALCFIELD_SIGNATURE (id, version, calc_field_id, signature_id) values (EUMOWY.CALCFIELD_SIGNATURE_SEQ.NEXTVAL, 0,66,6);
insert into EUMOWY.CALCFIELD_SIGNATURE (id, version, calc_field_id, signature_id) values (EUMOWY.CALCFIELD_SIGNATURE_SEQ.NEXTVAL, 0,67,6);
insert into EUMOWY.CALCFIELD_SIGNATURE (id, version, calc_field_id, signature_id) values (EUMOWY.CALCFIELD_SIGNATURE_SEQ.NEXTVAL, 0,68,6);
insert into EUMOWY.CALCFIELD_SIGNATURE (id, version, calc_field_id, signature_id) values (EUMOWY.CALCFIELD_SIGNATURE_SEQ.NEXTVAL, 0,69,6);
insert into EUMOWY.CALCFIELD_SIGNATURE (id, version, calc_field_id, signature_id) values (EUMOWY.CALCFIELD_SIGNATURE_SEQ.NEXTVAL, 0,70,6);
insert into EUMOWY.CALCFIELD_SIGNATURE (id, version, calc_field_id, signature_id) values (EUMOWY.CALCFIELD_SIGNATURE_SEQ.NEXTVAL, 0,71,6);
insert into EUMOWY.CALCFIELD_SIGNATURE (id, version, calc_field_id, signature_id) values (EUMOWY.CALCFIELD_SIGNATURE_SEQ.NEXTVAL, 0,72,6);
insert into EUMOWY.CALCFIELD_SIGNATURE (id, version, calc_field_id, signature_id) values (EUMOWY.CALCFIELD_SIGNATURE_SEQ.NEXTVAL, 0,73,6);
insert into EUMOWY.CALCFIELD_SIGNATURE (id, version, calc_field_id, signature_id) values (EUMOWY.CALCFIELD_SIGNATURE_SEQ.NEXTVAL, 0,74,6);
insert into EUMOWY.CALCFIELD_SIGNATURE (id, version, calc_field_id, signature_id) values (EUMOWY.CALCFIELD_SIGNATURE_SEQ.NEXTVAL, 0,75,6);
insert into EUMOWY.CALCFIELD_SIGNATURE (id, version, calc_field_id, signature_id) values (EUMOWY.CALCFIELD_SIGNATURE_SEQ.NEXTVAL, 0,76,6);
insert into EUMOWY.CALCFIELD_SIGNATURE (id, version, calc_field_id, signature_id) values (EUMOWY.CALCFIELD_SIGNATURE_SEQ.NEXTVAL, 0,77,6);
insert into EUMOWY.CALCFIELD_SIGNATURE (id, version, calc_field_id, signature_id) values (EUMOWY.CALCFIELD_SIGNATURE_SEQ.NEXTVAL, 0,78,6);
insert into EUMOWY.CALCFIELD_SIGNATURE (id, version, calc_field_id, signature_id) values (EUMOWY.CALCFIELD_SIGNATURE_SEQ.NEXTVAL, 0,79,6);
insert into EUMOWY.CALCFIELD_SIGNATURE (id, version, calc_field_id, signature_id) values (EUMOWY.CALCFIELD_SIGNATURE_SEQ.NEXTVAL, 0,80,6);
insert into EUMOWY.CALCFIELD_SIGNATURE (id, version, calc_field_id, signature_id) values (EUMOWY.CALCFIELD_SIGNATURE_SEQ.NEXTVAL, 0,81,6);
insert into EUMOWY.CALCFIELD_SIGNATURE (id, version, calc_field_id, signature_id) values (EUMOWY.CALCFIELD_SIGNATURE_SEQ.NEXTVAL, 0,82,6);
insert into EUMOWY.CALCFIELD_SIGNATURE (id, version, calc_field_id, signature_id) values (EUMOWY.CALCFIELD_SIGNATURE_SEQ.NEXTVAL, 0,83,6);
insert into EUMOWY.CALCFIELD_SIGNATURE (id, version, calc_field_id, signature_id) values (EUMOWY.CALCFIELD_SIGNATURE_SEQ.NEXTVAL, 0,84,6);
insert into EUMOWY.CALCFIELD_SIGNATURE (id, version, calc_field_id, signature_id) values (EUMOWY.CALCFIELD_SIGNATURE_SEQ.NEXTVAL, 0,85,6);
insert into EUMOWY.CALCFIELD_SIGNATURE (id, version, calc_field_id, signature_id) values (EUMOWY.CALCFIELD_SIGNATURE_SEQ.NEXTVAL, 0,86,6);
insert into EUMOWY.CALCFIELD_SIGNATURE (id, version, calc_field_id, signature_id) values (EUMOWY.CALCFIELD_SIGNATURE_SEQ.NEXTVAL, 0,87,6);
insert into EUMOWY.CALCFIELD_SIGNATURE (id, version, calc_field_id, signature_id) values (EUMOWY.CALCFIELD_SIGNATURE_SEQ.NEXTVAL, 0,88,6);
insert into EUMOWY.CALCFIELD_SIGNATURE (id, version, calc_field_id, signature_id) values (EUMOWY.CALCFIELD_SIGNATURE_SEQ.NEXTVAL, 0,89,6);
insert into EUMOWY.CALCFIELD_SIGNATURE (id, version, calc_field_id, signature_id) values (EUMOWY.CALCFIELD_SIGNATURE_SEQ.NEXTVAL, 0,90,6);
insert into EUMOWY.CALCFIELD_SIGNATURE (id, version, calc_field_id, signature_id) values (EUMOWY.CALCFIELD_SIGNATURE_SEQ.NEXTVAL, 0,91,6);
insert into EUMOWY.CALCFIELD_SIGNATURE (id, version, calc_field_id, signature_id) values (EUMOWY.CALCFIELD_SIGNATURE_SEQ.NEXTVAL, 0,92,6);
insert into EUMOWY.CALCFIELD_SIGNATURE (id, version, calc_field_id, signature_id) values (EUMOWY.CALCFIELD_SIGNATURE_SEQ.NEXTVAL, 0,93,6);
insert into EUMOWY.CALCFIELD_SIGNATURE (id, version, calc_field_id, signature_id) values (EUMOWY.CALCFIELD_SIGNATURE_SEQ.NEXTVAL, 0,94,6);
insert into EUMOWY.CALCFIELD_SIGNATURE (id, version, calc_field_id, signature_id) values (EUMOWY.CALCFIELD_SIGNATURE_SEQ.NEXTVAL, 0,95,6);
insert into EUMOWY.CALCFIELD_SIGNATURE (id, version, calc_field_id, signature_id) values (EUMOWY.CALCFIELD_SIGNATURE_SEQ.NEXTVAL, 0,96,6);
insert into EUMOWY.CALCFIELD_SIGNATURE (id, version, calc_field_id, signature_id) values (EUMOWY.CALCFIELD_SIGNATURE_SEQ.NEXTVAL, 0,97,6);
insert into EUMOWY.CALCFIELD_SIGNATURE (id, version, calc_field_id, signature_id) values (EUMOWY.CALCFIELD_SIGNATURE_SEQ.NEXTVAL, 0,98,6);
insert into EUMOWY.CALCFIELD_SIGNATURE (id, version, calc_field_id, signature_id) values (EUMOWY.CALCFIELD_SIGNATURE_SEQ.NEXTVAL, 0,99,6);
insert into EUMOWY.CALCFIELD_SIGNATURE (id, version, calc_field_id, signature_id) values (EUMOWY.CALCFIELD_SIGNATURE_SEQ.NEXTVAL, 0,100,6);
insert into EUMOWY.CALCFIELD_SIGNATURE (id, version, calc_field_id, signature_id) values (EUMOWY.CALCFIELD_SIGNATURE_SEQ.NEXTVAL, 0,101,6);
insert into EUMOWY.CALCFIELD_SIGNATURE (id, version, calc_field_id, signature_id) values (EUMOWY.CALCFIELD_SIGNATURE_SEQ.NEXTVAL, 0,102,6);
insert into EUMOWY.CALCFIELD_SIGNATURE (id, version, calc_field_id, signature_id) values (EUMOWY.CALCFIELD_SIGNATURE_SEQ.NEXTVAL, 0,103,6);
insert into EUMOWY.CALCFIELD_SIGNATURE (id, version, calc_field_id, signature_id) values (EUMOWY.CALCFIELD_SIGNATURE_SEQ.NEXTVAL, 0,104,6);
insert into EUMOWY.CALCFIELD_SIGNATURE (id, version, calc_field_id, signature_id) values (EUMOWY.CALCFIELD_SIGNATURE_SEQ.NEXTVAL, 0,105,6);
insert into EUMOWY.CALCFIELD_SIGNATURE (id, version, calc_field_id, signature_id) values (EUMOWY.CALCFIELD_SIGNATURE_SEQ.NEXTVAL, 0,106,6);
insert into EUMOWY.CALCFIELD_SIGNATURE (id, version, calc_field_id, signature_id) values (EUMOWY.CALCFIELD_SIGNATURE_SEQ.NEXTVAL, 0,107,6);
insert into EUMOWY.CALCFIELD_SIGNATURE (id, version, calc_field_id, signature_id) values (EUMOWY.CALCFIELD_SIGNATURE_SEQ.NEXTVAL, 0,108,6);
insert into EUMOWY.CALCFIELD_SIGNATURE (id, version, calc_field_id, signature_id) values (EUMOWY.CALCFIELD_SIGNATURE_SEQ.NEXTVAL, 0,19,5);
insert into EUMOWY.CALCFIELD_SIGNATURE (id, version, calc_field_id, signature_id) values (EUMOWY.CALCFIELD_SIGNATURE_SEQ.NEXTVAL, 0,20,5);
insert into EUMOWY.CALCFIELD_SIGNATURE (id, version, calc_field_id, signature_id) values (EUMOWY.CALCFIELD_SIGNATURE_SEQ.NEXTVAL, 0,21,5);
insert into EUMOWY.CALCFIELD_SIGNATURE (id, version, calc_field_id, signature_id) values (EUMOWY.CALCFIELD_SIGNATURE_SEQ.NEXTVAL, 0,22,5);
insert into EUMOWY.CALCFIELD_SIGNATURE (id, version, calc_field_id, signature_id) values (EUMOWY.CALCFIELD_SIGNATURE_SEQ.NEXTVAL, 0,23,5);
insert into EUMOWY.CALCFIELD_SIGNATURE (id, version, calc_field_id, signature_id) values (EUMOWY.CALCFIELD_SIGNATURE_SEQ.NEXTVAL, 0,24,5);
insert into EUMOWY.CALCFIELD_SIGNATURE (id, version, calc_field_id, signature_id) values (EUMOWY.CALCFIELD_SIGNATURE_SEQ.NEXTVAL, 0,25,5);
insert into EUMOWY.CALCFIELD_SIGNATURE (id, version, calc_field_id, signature_id) values (EUMOWY.CALCFIELD_SIGNATURE_SEQ.NEXTVAL, 0,26,5);
insert into EUMOWY.CALCFIELD_SIGNATURE (id, version, calc_field_id, signature_id) values (EUMOWY.CALCFIELD_SIGNATURE_SEQ.NEXTVAL, 0,27,5);
insert into EUMOWY.CALCFIELD_SIGNATURE (id, version, calc_field_id, signature_id) values (EUMOWY.CALCFIELD_SIGNATURE_SEQ.NEXTVAL, 0,28,5);
insert into EUMOWY.CALCFIELD_SIGNATURE (id, version, calc_field_id, signature_id) values (EUMOWY.CALCFIELD_SIGNATURE_SEQ.NEXTVAL, 0,29,5);
insert into EUMOWY.CALCFIELD_SIGNATURE (id, version, calc_field_id, signature_id) values (EUMOWY.CALCFIELD_SIGNATURE_SEQ.NEXTVAL, 0,30,5);
insert into EUMOWY.CALCFIELD_SIGNATURE (id, version, calc_field_id, signature_id) values (EUMOWY.CALCFIELD_SIGNATURE_SEQ.NEXTVAL, 0,31,5);
insert into EUMOWY.CALCFIELD_SIGNATURE (id, version, calc_field_id, signature_id) values (EUMOWY.CALCFIELD_SIGNATURE_SEQ.NEXTVAL, 0,32,5);
insert into EUMOWY.CALCFIELD_SIGNATURE (id, version, calc_field_id, signature_id) values (EUMOWY.CALCFIELD_SIGNATURE_SEQ.NEXTVAL, 0,33,5);
insert into EUMOWY.CALCFIELD_SIGNATURE (id, version, calc_field_id, signature_id) values (EUMOWY.CALCFIELD_SIGNATURE_SEQ.NEXTVAL, 0,34,5);
insert into EUMOWY.CALCFIELD_SIGNATURE (id, version, calc_field_id, signature_id) values (EUMOWY.CALCFIELD_SIGNATURE_SEQ.NEXTVAL, 0,35,5);
insert into EUMOWY.CALCFIELD_SIGNATURE (id, version, calc_field_id, signature_id) values (EUMOWY.CALCFIELD_SIGNATURE_SEQ.NEXTVAL, 0,36,5);
insert into EUMOWY.CALCFIELD_SIGNATURE (id, version, calc_field_id, signature_id) values (EUMOWY.CALCFIELD_SIGNATURE_SEQ.NEXTVAL, 0,37,5);
insert into EUMOWY.CALCFIELD_SIGNATURE (id, version, calc_field_id, signature_id) values (EUMOWY.CALCFIELD_SIGNATURE_SEQ.NEXTVAL, 0,38,5);
insert into EUMOWY.CALCFIELD_SIGNATURE (id, version, calc_field_id, signature_id) values (EUMOWY.CALCFIELD_SIGNATURE_SEQ.NEXTVAL, 0,39,5);
insert into EUMOWY.CALCFIELD_SIGNATURE (id, version, calc_field_id, signature_id) values (EUMOWY.CALCFIELD_SIGNATURE_SEQ.NEXTVAL, 0,40,5);
insert into EUMOWY.CALCFIELD_SIGNATURE (id, version, calc_field_id, signature_id) values (EUMOWY.CALCFIELD_SIGNATURE_SEQ.NEXTVAL, 0,41,5);
insert into EUMOWY.CALCFIELD_SIGNATURE (id, version, calc_field_id, signature_id) values (EUMOWY.CALCFIELD_SIGNATURE_SEQ.NEXTVAL, 0,42,5);
insert into EUMOWY.CALCFIELD_SIGNATURE (id, version, calc_field_id, signature_id) values (EUMOWY.CALCFIELD_SIGNATURE_SEQ.NEXTVAL, 0,43,5);
insert into EUMOWY.CALCFIELD_SIGNATURE (id, version, calc_field_id, signature_id) values (EUMOWY.CALCFIELD_SIGNATURE_SEQ.NEXTVAL, 0,44,5);
insert into EUMOWY.CALCFIELD_SIGNATURE (id, version, calc_field_id, signature_id) values (EUMOWY.CALCFIELD_SIGNATURE_SEQ.NEXTVAL, 0,45,5);
insert into EUMOWY.CALCFIELD_SIGNATURE (id, version, calc_field_id, signature_id) values (EUMOWY.CALCFIELD_SIGNATURE_SEQ.NEXTVAL, 0,46,5);
insert into EUMOWY.CALCFIELD_SIGNATURE (id, version, calc_field_id, signature_id) values (EUMOWY.CALCFIELD_SIGNATURE_SEQ.NEXTVAL, 0,47,5);
insert into EUMOWY.CALCFIELD_SIGNATURE (id, version, calc_field_id, signature_id) values (EUMOWY.CALCFIELD_SIGNATURE_SEQ.NEXTVAL, 0,48,5);
insert into EUMOWY.CALCFIELD_SIGNATURE (id, version, calc_field_id, signature_id) values (EUMOWY.CALCFIELD_SIGNATURE_SEQ.NEXTVAL, 0,49,5);
insert into EUMOWY.CALCFIELD_SIGNATURE (id, version, calc_field_id, signature_id) values (EUMOWY.CALCFIELD_SIGNATURE_SEQ.NEXTVAL, 0,50,5);
insert into EUMOWY.CALCFIELD_SIGNATURE (id, version, calc_field_id, signature_id) values (EUMOWY.CALCFIELD_SIGNATURE_SEQ.NEXTVAL, 0,51,5);
insert into EUMOWY.CALCFIELD_SIGNATURE (id, version, calc_field_id, signature_id) values (EUMOWY.CALCFIELD_SIGNATURE_SEQ.NEXTVAL, 0,52,5);
insert into EUMOWY.CALCFIELD_SIGNATURE (id, version, calc_field_id, signature_id) values (EUMOWY.CALCFIELD_SIGNATURE_SEQ.NEXTVAL, 0,53,5);
insert into EUMOWY.CALCFIELD_SIGNATURE (id, version, calc_field_id, signature_id) values (EUMOWY.CALCFIELD_SIGNATURE_SEQ.NEXTVAL, 0,54,5);
insert into EUMOWY.CALCFIELD_SIGNATURE (id, version, calc_field_id, signature_id) values (EUMOWY.CALCFIELD_SIGNATURE_SEQ.NEXTVAL, 0,55,5);
insert into EUMOWY.CALCFIELD_SIGNATURE (id, version, calc_field_id, signature_id) values (EUMOWY.CALCFIELD_SIGNATURE_SEQ.NEXTVAL, 0,56,5);
insert into EUMOWY.CALCFIELD_SIGNATURE (id, version, calc_field_id, signature_id) values (EUMOWY.CALCFIELD_SIGNATURE_SEQ.NEXTVAL, 0,57,5);
insert into EUMOWY.CALCFIELD_SIGNATURE (id, version, calc_field_id, signature_id) values (EUMOWY.CALCFIELD_SIGNATURE_SEQ.NEXTVAL, 0,58,5);
insert into EUMOWY.CALCFIELD_SIGNATURE (id, version, calc_field_id, signature_id) values (EUMOWY.CALCFIELD_SIGNATURE_SEQ.NEXTVAL, 0,59,5);
insert into EUMOWY.CALCFIELD_SIGNATURE (id, version, calc_field_id, signature_id) values (EUMOWY.CALCFIELD_SIGNATURE_SEQ.NEXTVAL, 0,60,5);
insert into EUMOWY.CALCFIELD_SIGNATURE (id, version, calc_field_id, signature_id) values (EUMOWY.CALCFIELD_SIGNATURE_SEQ.NEXTVAL, 0,61,5);
insert into EUMOWY.CALCFIELD_SIGNATURE (id, version, calc_field_id, signature_id) values (EUMOWY.CALCFIELD_SIGNATURE_SEQ.NEXTVAL, 0,62,5);
insert into EUMOWY.CALCFIELD_SIGNATURE (id, version, calc_field_id, signature_id) values (EUMOWY.CALCFIELD_SIGNATURE_SEQ.NEXTVAL, 0,63,5);
insert into EUMOWY.CALCFIELD_SIGNATURE (id, version, calc_field_id, signature_id) values (EUMOWY.CALCFIELD_SIGNATURE_SEQ.NEXTVAL, 0,64,5);
insert into EUMOWY.CALCFIELD_SIGNATURE (id, version, calc_field_id, signature_id) values (EUMOWY.CALCFIELD_SIGNATURE_SEQ.NEXTVAL, 0,65,5);
insert into EUMOWY.CALCFIELD_SIGNATURE (id, version, calc_field_id, signature_id) values (EUMOWY.CALCFIELD_SIGNATURE_SEQ.NEXTVAL, 0,66,5);
insert into EUMOWY.CALCFIELD_SIGNATURE (id, version, calc_field_id, signature_id) values (EUMOWY.CALCFIELD_SIGNATURE_SEQ.NEXTVAL, 0,67,5);
insert into EUMOWY.CALCFIELD_SIGNATURE (id, version, calc_field_id, signature_id) values (EUMOWY.CALCFIELD_SIGNATURE_SEQ.NEXTVAL, 0,68,5);
insert into EUMOWY.CALCFIELD_SIGNATURE (id, version, calc_field_id, signature_id) values (EUMOWY.CALCFIELD_SIGNATURE_SEQ.NEXTVAL, 0,69,5);
insert into EUMOWY.CALCFIELD_SIGNATURE (id, version, calc_field_id, signature_id) values (EUMOWY.CALCFIELD_SIGNATURE_SEQ.NEXTVAL, 0,70,5);
insert into EUMOWY.CALCFIELD_SIGNATURE (id, version, calc_field_id, signature_id) values (EUMOWY.CALCFIELD_SIGNATURE_SEQ.NEXTVAL, 0,71,5);
insert into EUMOWY.CALCFIELD_SIGNATURE (id, version, calc_field_id, signature_id) values (EUMOWY.CALCFIELD_SIGNATURE_SEQ.NEXTVAL, 0,72,5);
insert into EUMOWY.CALCFIELD_SIGNATURE (id, version, calc_field_id, signature_id) values (EUMOWY.CALCFIELD_SIGNATURE_SEQ.NEXTVAL, 0,73,5);
insert into EUMOWY.CALCFIELD_SIGNATURE (id, version, calc_field_id, signature_id) values (EUMOWY.CALCFIELD_SIGNATURE_SEQ.NEXTVAL, 0,74,5);
insert into EUMOWY.CALCFIELD_SIGNATURE (id, version, calc_field_id, signature_id) values (EUMOWY.CALCFIELD_SIGNATURE_SEQ.NEXTVAL, 0,75,5);
insert into EUMOWY.CALCFIELD_SIGNATURE (id, version, calc_field_id, signature_id) values (EUMOWY.CALCFIELD_SIGNATURE_SEQ.NEXTVAL, 0,76,5);
insert into EUMOWY.CALCFIELD_SIGNATURE (id, version, calc_field_id, signature_id) values (EUMOWY.CALCFIELD_SIGNATURE_SEQ.NEXTVAL, 0,77,5);
insert into EUMOWY.CALCFIELD_SIGNATURE (id, version, calc_field_id, signature_id) values (EUMOWY.CALCFIELD_SIGNATURE_SEQ.NEXTVAL, 0,78,5);
insert into EUMOWY.CALCFIELD_SIGNATURE (id, version, calc_field_id, signature_id) values (EUMOWY.CALCFIELD_SIGNATURE_SEQ.NEXTVAL, 0,79,5);
insert into EUMOWY.CALCFIELD_SIGNATURE (id, version, calc_field_id, signature_id) values (EUMOWY.CALCFIELD_SIGNATURE_SEQ.NEXTVAL, 0,80,5);
insert into EUMOWY.CALCFIELD_SIGNATURE (id, version, calc_field_id, signature_id) values (EUMOWY.CALCFIELD_SIGNATURE_SEQ.NEXTVAL, 0,81,5);
insert into EUMOWY.CALCFIELD_SIGNATURE (id, version, calc_field_id, signature_id) values (EUMOWY.CALCFIELD_SIGNATURE_SEQ.NEXTVAL, 0,82,5);
insert into EUMOWY.CALCFIELD_SIGNATURE (id, version, calc_field_id, signature_id) values (EUMOWY.CALCFIELD_SIGNATURE_SEQ.NEXTVAL, 0,83,5);
insert into EUMOWY.CALCFIELD_SIGNATURE (id, version, calc_field_id, signature_id) values (EUMOWY.CALCFIELD_SIGNATURE_SEQ.NEXTVAL, 0,84,5);
insert into EUMOWY.CALCFIELD_SIGNATURE (id, version, calc_field_id, signature_id) values (EUMOWY.CALCFIELD_SIGNATURE_SEQ.NEXTVAL, 0,85,5);
insert into EUMOWY.CALCFIELD_SIGNATURE (id, version, calc_field_id, signature_id) values (EUMOWY.CALCFIELD_SIGNATURE_SEQ.NEXTVAL, 0,86,5);
insert into EUMOWY.CALCFIELD_SIGNATURE (id, version, calc_field_id, signature_id) values (EUMOWY.CALCFIELD_SIGNATURE_SEQ.NEXTVAL, 0,87,5);
insert into EUMOWY.CALCFIELD_SIGNATURE (id, version, calc_field_id, signature_id) values (EUMOWY.CALCFIELD_SIGNATURE_SEQ.NEXTVAL, 0,88,5);
insert into EUMOWY.CALCFIELD_SIGNATURE (id, version, calc_field_id, signature_id) values (EUMOWY.CALCFIELD_SIGNATURE_SEQ.NEXTVAL, 0,89,5);
insert into EUMOWY.CALCFIELD_SIGNATURE (id, version, calc_field_id, signature_id) values (EUMOWY.CALCFIELD_SIGNATURE_SEQ.NEXTVAL, 0,90,5);
insert into EUMOWY.CALCFIELD_SIGNATURE (id, version, calc_field_id, signature_id) values (EUMOWY.CALCFIELD_SIGNATURE_SEQ.NEXTVAL, 0,91,5);
insert into EUMOWY.CALCFIELD_SIGNATURE (id, version, calc_field_id, signature_id) values (EUMOWY.CALCFIELD_SIGNATURE_SEQ.NEXTVAL, 0,92,5);
insert into EUMOWY.CALCFIELD_SIGNATURE (id, version, calc_field_id, signature_id) values (EUMOWY.CALCFIELD_SIGNATURE_SEQ.NEXTVAL, 0,93,5);
insert into EUMOWY.CALCFIELD_SIGNATURE (id, version, calc_field_id, signature_id) values (EUMOWY.CALCFIELD_SIGNATURE_SEQ.NEXTVAL, 0,94,5);
insert into EUMOWY.CALCFIELD_SIGNATURE (id, version, calc_field_id, signature_id) values (EUMOWY.CALCFIELD_SIGNATURE_SEQ.NEXTVAL, 0,95,5);
insert into EUMOWY.CALCFIELD_SIGNATURE (id, version, calc_field_id, signature_id) values (EUMOWY.CALCFIELD_SIGNATURE_SEQ.NEXTVAL, 0,96,5);
insert into EUMOWY.CALCFIELD_SIGNATURE (id, version, calc_field_id, signature_id) values (EUMOWY.CALCFIELD_SIGNATURE_SEQ.NEXTVAL, 0,97,5);
insert into EUMOWY.CALCFIELD_SIGNATURE (id, version, calc_field_id, signature_id) values (EUMOWY.CALCFIELD_SIGNATURE_SEQ.NEXTVAL, 0,98,5);
insert into EUMOWY.CALCFIELD_SIGNATURE (id, version, calc_field_id, signature_id) values (EUMOWY.CALCFIELD_SIGNATURE_SEQ.NEXTVAL, 0,99,5);
insert into EUMOWY.CALCFIELD_SIGNATURE (id, version, calc_field_id, signature_id) values (EUMOWY.CALCFIELD_SIGNATURE_SEQ.NEXTVAL, 0,100,5);
insert into EUMOWY.CALCFIELD_SIGNATURE (id, version, calc_field_id, signature_id) values (EUMOWY.CALCFIELD_SIGNATURE_SEQ.NEXTVAL, 0,101,5);
insert into EUMOWY.CALCFIELD_SIGNATURE (id, version, calc_field_id, signature_id) values (EUMOWY.CALCFIELD_SIGNATURE_SEQ.NEXTVAL, 0,102,5);
insert into EUMOWY.CALCFIELD_SIGNATURE (id, version, calc_field_id, signature_id) values (EUMOWY.CALCFIELD_SIGNATURE_SEQ.NEXTVAL, 0,103,5);
insert into EUMOWY.CALCFIELD_SIGNATURE (id, version, calc_field_id, signature_id) values (EUMOWY.CALCFIELD_SIGNATURE_SEQ.NEXTVAL, 0,104,5);
insert into EUMOWY.CALCFIELD_SIGNATURE (id, version, calc_field_id, signature_id) values (EUMOWY.CALCFIELD_SIGNATURE_SEQ.NEXTVAL, 0,105,5);
insert into EUMOWY.CALCFIELD_SIGNATURE (id, version, calc_field_id, signature_id) values (EUMOWY.CALCFIELD_SIGNATURE_SEQ.NEXTVAL, 0,106,5);
insert into EUMOWY.CALCFIELD_SIGNATURE (id, version, calc_field_id, signature_id) values (EUMOWY.CALCFIELD_SIGNATURE_SEQ.NEXTVAL, 0,107,5);
insert into EUMOWY.CALCFIELD_SIGNATURE (id, version, calc_field_id, signature_id) values (EUMOWY.CALCFIELD_SIGNATURE_SEQ.NEXTVAL, 0,108,5);
insert into EUMOWY.CALCFIELD_SIGNATURE (id, version, calc_field_id, signature_id) values (EUMOWY.CALCFIELD_SIGNATURE_SEQ.NEXTVAL, 0,2,15);
insert into EUMOWY.CALCFIELD_SIGNATURE (id, version, calc_field_id, signature_id) values (EUMOWY.CALCFIELD_SIGNATURE_SEQ.NEXTVAL, 0,3,15);
insert into EUMOWY.CALCFIELD_SIGNATURE (id, version, calc_field_id, signature_id) values (EUMOWY.CALCFIELD_SIGNATURE_SEQ.NEXTVAL, 0,4,15);
insert into EUMOWY.CALCFIELD_SIGNATURE (id, version, calc_field_id, signature_id) values (EUMOWY.CALCFIELD_SIGNATURE_SEQ.NEXTVAL, 0,5,15);
insert into EUMOWY.CALCFIELD_SIGNATURE (id, version, calc_field_id, signature_id) values (EUMOWY.CALCFIELD_SIGNATURE_SEQ.NEXTVAL, 0,6,15);
insert into EUMOWY.CALCFIELD_SIGNATURE (id, version, calc_field_id, signature_id) values (EUMOWY.CALCFIELD_SIGNATURE_SEQ.NEXTVAL, 0,7,15);
insert into EUMOWY.CALCFIELD_SIGNATURE (id, version, calc_field_id, signature_id) values (EUMOWY.CALCFIELD_SIGNATURE_SEQ.NEXTVAL, 0,8,15);
insert into EUMOWY.CALCFIELD_SIGNATURE (id, version, calc_field_id, signature_id) values (EUMOWY.CALCFIELD_SIGNATURE_SEQ.NEXTVAL, 0,9,15);
insert into EUMOWY.CALCFIELD_SIGNATURE (id, version, calc_field_id, signature_id) values (EUMOWY.CALCFIELD_SIGNATURE_SEQ.NEXTVAL, 0,10,15);
insert into EUMOWY.CALCFIELD_SIGNATURE (id, version, calc_field_id, signature_id) values (EUMOWY.CALCFIELD_SIGNATURE_SEQ.NEXTVAL, 0,11,9);
insert into EUMOWY.CALCFIELD_SIGNATURE (id, version, calc_field_id, signature_id) values (EUMOWY.CALCFIELD_SIGNATURE_SEQ.NEXTVAL, 0,11,25);
insert into EUMOWY.CALCFIELD_SIGNATURE (id, version, calc_field_id, signature_id) values (EUMOWY.CALCFIELD_SIGNATURE_SEQ.NEXTVAL, 0,11,16);
insert into EUMOWY.CALCFIELD_SIGNATURE (id, version, calc_field_id, signature_id) values (EUMOWY.CALCFIELD_SIGNATURE_SEQ.NEXTVAL, 0,11,12);
insert into EUMOWY.CALCFIELD_SIGNATURE (id, version, calc_field_id, signature_id) values (EUMOWY.CALCFIELD_SIGNATURE_SEQ.NEXTVAL, 0,11,10);
insert into EUMOWY.CALCFIELD_SIGNATURE (id, version, calc_field_id, signature_id) values (EUMOWY.CALCFIELD_SIGNATURE_SEQ.NEXTVAL, 0,11,11);
insert into EUMOWY.CALCFIELD_SIGNATURE (id, version, calc_field_id, signature_id) values (EUMOWY.CALCFIELD_SIGNATURE_SEQ.NEXTVAL, 0,11,1);
insert into EUMOWY.CALCFIELD_SIGNATURE (id, version, calc_field_id, signature_id) values (EUMOWY.CALCFIELD_SIGNATURE_SEQ.NEXTVAL, 0,11,8);
insert into EUMOWY.CALCFIELD_SIGNATURE (id, version, calc_field_id, signature_id) values (EUMOWY.CALCFIELD_SIGNATURE_SEQ.NEXTVAL, 0,11,4);
insert into EUMOWY.CALCFIELD_SIGNATURE (id, version, calc_field_id, signature_id) values (EUMOWY.CALCFIELD_SIGNATURE_SEQ.NEXTVAL, 0,11,17);
insert into EUMOWY.CALCFIELD_SIGNATURE (id, version, calc_field_id, signature_id) values (EUMOWY.CALCFIELD_SIGNATURE_SEQ.NEXTVAL, 0,11,6);
insert into EUMOWY.CALCFIELD_SIGNATURE (id, version, calc_field_id, signature_id) values (EUMOWY.CALCFIELD_SIGNATURE_SEQ.NEXTVAL, 0,11,5);
insert into EUMOWY.CALCFIELD_SIGNATURE (id, version, calc_field_id, signature_id) values (EUMOWY.CALCFIELD_SIGNATURE_SEQ.NEXTVAL, 0,11,7);
insert into EUMOWY.CALCFIELD_SIGNATURE (id, version, calc_field_id, signature_id) values (EUMOWY.CALCFIELD_SIGNATURE_SEQ.NEXTVAL, 0,11,15);
insert into EUMOWY.CALCFIELD_SIGNATURE (id, version, calc_field_id, signature_id) values (EUMOWY.CALCFIELD_SIGNATURE_SEQ.NEXTVAL, 0,11,13);
insert into EUMOWY.CALCFIELD_SIGNATURE (id, version, calc_field_id, signature_id) values (EUMOWY.CALCFIELD_SIGNATURE_SEQ.NEXTVAL, 0,11,23);
insert into EUMOWY.CALCFIELD_SIGNATURE (id, version, calc_field_id, signature_id) values (EUMOWY.CALCFIELD_SIGNATURE_SEQ.NEXTVAL, 0,11,24);
insert into EUMOWY.CALCFIELD_SIGNATURE (id, version, calc_field_id, signature_id) values (EUMOWY.CALCFIELD_SIGNATURE_SEQ.NEXTVAL, 0,11,18);
insert into EUMOWY.CALCFIELD_SIGNATURE (id, version, calc_field_id, signature_id) values (EUMOWY.CALCFIELD_SIGNATURE_SEQ.NEXTVAL, 0,11,22);
insert into EUMOWY.CALCFIELD_SIGNATURE (id, version, calc_field_id, signature_id) values (EUMOWY.CALCFIELD_SIGNATURE_SEQ.NEXTVAL, 0,11,21);
insert into EUMOWY.CALCFIELD_SIGNATURE (id, version, calc_field_id, signature_id) values (EUMOWY.CALCFIELD_SIGNATURE_SEQ.NEXTVAL, 0,11,19);
insert into EUMOWY.CALCFIELD_SIGNATURE (id, version, calc_field_id, signature_id) values (EUMOWY.CALCFIELD_SIGNATURE_SEQ.NEXTVAL, 0,11,2);
insert into EUMOWY.CALCFIELD_SIGNATURE (id, version, calc_field_id, signature_id) values (EUMOWY.CALCFIELD_SIGNATURE_SEQ.NEXTVAL, 0,1,2);
insert into EUMOWY.CALCFIELD_SIGNATURE (id, version, calc_field_id, signature_id) values (EUMOWY.CALCFIELD_SIGNATURE_SEQ.NEXTVAL, 0,109,21);
insert into EUMOWY.CALCFIELD_SIGNATURE (id, version, calc_field_id, signature_id) values (EUMOWY.CALCFIELD_SIGNATURE_SEQ.NEXTVAL, 0,110,21);
insert into EUMOWY.CALCFIELD_SIGNATURE (id, version, calc_field_id, signature_id) values (EUMOWY.CALCFIELD_SIGNATURE_SEQ.NEXTVAL, 0,111,21);
insert into EUMOWY.CALCFIELD_SIGNATURE (id, version, calc_field_id, signature_id) values (EUMOWY.CALCFIELD_SIGNATURE_SEQ.NEXTVAL, 0,112,21);
insert into EUMOWY.CALCFIELD_SIGNATURE (id, version, calc_field_id, signature_id) values (EUMOWY.CALCFIELD_SIGNATURE_SEQ.NEXTVAL, 0,113,21);
insert into EUMOWY.CALCFIELD_SIGNATURE (id, version, calc_field_id, signature_id) values (EUMOWY.CALCFIELD_SIGNATURE_SEQ.NEXTVAL, 0,114,21);
insert into EUMOWY.CALCFIELD_SIGNATURE (id, version, calc_field_id, signature_id) values (EUMOWY.CALCFIELD_SIGNATURE_SEQ.NEXTVAL, 0,109,19);
insert into EUMOWY.CALCFIELD_SIGNATURE (id, version, calc_field_id, signature_id) values (EUMOWY.CALCFIELD_SIGNATURE_SEQ.NEXTVAL, 0,110,19);
insert into EUMOWY.CALCFIELD_SIGNATURE (id, version, calc_field_id, signature_id) values (EUMOWY.CALCFIELD_SIGNATURE_SEQ.NEXTVAL, 0,111,19);
insert into EUMOWY.CALCFIELD_SIGNATURE (id, version, calc_field_id, signature_id) values (EUMOWY.CALCFIELD_SIGNATURE_SEQ.NEXTVAL, 0,112,19);
insert into EUMOWY.CALCFIELD_SIGNATURE (id, version, calc_field_id, signature_id) values (EUMOWY.CALCFIELD_SIGNATURE_SEQ.NEXTVAL, 0,113,19);
insert into EUMOWY.CALCFIELD_SIGNATURE (id, version, calc_field_id, signature_id) values (EUMOWY.CALCFIELD_SIGNATURE_SEQ.NEXTVAL, 0,114,19);
insert into EUMOWY.CALCFIELD_SIGNATURE (id, version, calc_field_id, signature_id) values (EUMOWY.CALCFIELD_SIGNATURE_SEQ.NEXTVAL, 0,115,9);
insert into EUMOWY.CALCFIELD_SIGNATURE (id, version, calc_field_id, signature_id) values (EUMOWY.CALCFIELD_SIGNATURE_SEQ.NEXTVAL, 0,116,9);
insert into EUMOWY.CALCFIELD_SIGNATURE (id, version, calc_field_id, signature_id) values (EUMOWY.CALCFIELD_SIGNATURE_SEQ.NEXTVAL, 0,115,8);
insert into EUMOWY.CALCFIELD_SIGNATURE (id, version, calc_field_id, signature_id) values (EUMOWY.CALCFIELD_SIGNATURE_SEQ.NEXTVAL, 0,116,8);
insert into EUMOWY.CALCFIELD_SIGNATURE (id, version, calc_field_id, signature_id) values (EUMOWY.CALCFIELD_SIGNATURE_SEQ.NEXTVAL, 0,115,4);
insert into EUMOWY.CALCFIELD_SIGNATURE (id, version, calc_field_id, signature_id) values (EUMOWY.CALCFIELD_SIGNATURE_SEQ.NEXTVAL, 0,116,4);
insert into EUMOWY.CALCFIELD_SIGNATURE (id, version, calc_field_id, signature_id) values (EUMOWY.CALCFIELD_SIGNATURE_SEQ.NEXTVAL, 0,12,15);
insert into EUMOWY.CALCFIELD_SIGNATURE (id, version, calc_field_id, signature_id) values (EUMOWY.CALCFIELD_SIGNATURE_SEQ.NEXTVAL, 0,13,15);
insert into EUMOWY.CALCFIELD_SIGNATURE (id, version, calc_field_id, signature_id) values (EUMOWY.CALCFIELD_SIGNATURE_SEQ.NEXTVAL, 0,117,2);
insert into EUMOWY.CALCFIELD_SIGNATURE (id, version, calc_field_id, signature_id) values (EUMOWY.CALCFIELD_SIGNATURE_SEQ.NEXTVAL, 0,118,2);
insert into EUMOWY.CALCFIELD_SIGNATURE (id, version, calc_field_id, signature_id) values (EUMOWY.CALCFIELD_SIGNATURE_SEQ.NEXTVAL, 0,119,2);
insert into EUMOWY.CALCFIELD_SIGNATURE (id, version, calc_field_id, signature_id) values (EUMOWY.CALCFIELD_SIGNATURE_SEQ.NEXTVAL, 0,120,2);
insert into EUMOWY.CALCFIELD_SIGNATURE (id, version, calc_field_id, signature_id) values (EUMOWY.CALCFIELD_SIGNATURE_SEQ.NEXTVAL, 0,121,2);
insert into EUMOWY.CALCFIELD_SIGNATURE (id, version, calc_field_id, signature_id) values (EUMOWY.CALCFIELD_SIGNATURE_SEQ.NEXTVAL, 0,122,2);
insert into EUMOWY.CALCFIELD_SIGNATURE (id, version, calc_field_id, signature_id) values (EUMOWY.CALCFIELD_SIGNATURE_SEQ.NEXTVAL, 0,123,2);
insert into EUMOWY.CALCFIELD_SIGNATURE (id, version, calc_field_id, signature_id) values (EUMOWY.CALCFIELD_SIGNATURE_SEQ.NEXTVAL, 0,124,2);
insert into EUMOWY.CALCFIELD_SIGNATURE (id, version, calc_field_id, signature_id) values (EUMOWY.CALCFIELD_SIGNATURE_SEQ.NEXTVAL, 0,125,2);
insert into EUMOWY.CALCFIELD_SIGNATURE (id, version, calc_field_id, signature_id) values (EUMOWY.CALCFIELD_SIGNATURE_SEQ.NEXTVAL, 0,126,2);
insert into EUMOWY.CALCFIELD_SIGNATURE (id, version, calc_field_id, signature_id) values (EUMOWY.CALCFIELD_SIGNATURE_SEQ.NEXTVAL, 0,127,2);
insert into EUMOWY.CALCFIELD_SIGNATURE (id, version, calc_field_id, signature_id) values (EUMOWY.CALCFIELD_SIGNATURE_SEQ.NEXTVAL, 0,128,2);
insert into EUMOWY.CALCFIELD_SIGNATURE (id, version, calc_field_id, signature_id) values (EUMOWY.CALCFIELD_SIGNATURE_SEQ.NEXTVAL, 0,129,2);
insert into EUMOWY.CALCFIELD_SIGNATURE (id, version, calc_field_id, signature_id) values (EUMOWY.CALCFIELD_SIGNATURE_SEQ.NEXTVAL, 0,130,2);
insert into EUMOWY.CALCFIELD_SIGNATURE (id, version, calc_field_id, signature_id) values (EUMOWY.CALCFIELD_SIGNATURE_SEQ.NEXTVAL, 0,131,2);
insert into EUMOWY.CALCFIELD_SIGNATURE (id, version, calc_field_id, signature_id) values (EUMOWY.CALCFIELD_SIGNATURE_SEQ.NEXTVAL, 0,117,9);
insert into EUMOWY.CALCFIELD_SIGNATURE (id, version, calc_field_id, signature_id) values (EUMOWY.CALCFIELD_SIGNATURE_SEQ.NEXTVAL, 0,118,9);
insert into EUMOWY.CALCFIELD_SIGNATURE (id, version, calc_field_id, signature_id) values (EUMOWY.CALCFIELD_SIGNATURE_SEQ.NEXTVAL, 0,119,9);
insert into EUMOWY.CALCFIELD_SIGNATURE (id, version, calc_field_id, signature_id) values (EUMOWY.CALCFIELD_SIGNATURE_SEQ.NEXTVAL, 0,120,9);
insert into EUMOWY.CALCFIELD_SIGNATURE (id, version, calc_field_id, signature_id) values (EUMOWY.CALCFIELD_SIGNATURE_SEQ.NEXTVAL, 0,126,9);
insert into EUMOWY.CALCFIELD_SIGNATURE (id, version, calc_field_id, signature_id) values (EUMOWY.CALCFIELD_SIGNATURE_SEQ.NEXTVAL, 0,127,9);
insert into EUMOWY.CALCFIELD_SIGNATURE (id, version, calc_field_id, signature_id) values (EUMOWY.CALCFIELD_SIGNATURE_SEQ.NEXTVAL, 0,123,9);
insert into EUMOWY.CALCFIELD_SIGNATURE (id, version, calc_field_id, signature_id) values (EUMOWY.CALCFIELD_SIGNATURE_SEQ.NEXTVAL, 0,124,9);
insert into EUMOWY.CALCFIELD_SIGNATURE (id, version, calc_field_id, signature_id) values (EUMOWY.CALCFIELD_SIGNATURE_SEQ.NEXTVAL, 0,125,9);
insert into EUMOWY.CALCFIELD_SIGNATURE (id, version, calc_field_id, signature_id) values (EUMOWY.CALCFIELD_SIGNATURE_SEQ.NEXTVAL, 0,128,9);
insert into EUMOWY.CALCFIELD_SIGNATURE (id, version, calc_field_id, signature_id) values (EUMOWY.CALCFIELD_SIGNATURE_SEQ.NEXTVAL, 0,129,9);
insert into EUMOWY.CALCFIELD_SIGNATURE (id, version, calc_field_id, signature_id) values (EUMOWY.CALCFIELD_SIGNATURE_SEQ.NEXTVAL, 0,130,9);
insert into EUMOWY.CALCFIELD_SIGNATURE (id, version, calc_field_id, signature_id) values (EUMOWY.CALCFIELD_SIGNATURE_SEQ.NEXTVAL, 0,131,9);
insert into EUMOWY.CALCFIELD_SIGNATURE (id, version, calc_field_id, signature_id) values (EUMOWY.CALCFIELD_SIGNATURE_SEQ.NEXTVAL, 0,121,9);
insert into EUMOWY.CALCFIELD_SIGNATURE (id, version, calc_field_id, signature_id) values (EUMOWY.CALCFIELD_SIGNATURE_SEQ.NEXTVAL, 0,122,9);
insert into EUMOWY.CALCFIELD_SIGNATURE (id, version, calc_field_id, signature_id) values (EUMOWY.CALCFIELD_SIGNATURE_SEQ.NEXTVAL, 0,117,8);
insert into EUMOWY.CALCFIELD_SIGNATURE (id, version, calc_field_id, signature_id) values (EUMOWY.CALCFIELD_SIGNATURE_SEQ.NEXTVAL, 0,118,8);
insert into EUMOWY.CALCFIELD_SIGNATURE (id, version, calc_field_id, signature_id) values (EUMOWY.CALCFIELD_SIGNATURE_SEQ.NEXTVAL, 0,119,8);
insert into EUMOWY.CALCFIELD_SIGNATURE (id, version, calc_field_id, signature_id) values (EUMOWY.CALCFIELD_SIGNATURE_SEQ.NEXTVAL, 0,120,8);
insert into EUMOWY.CALCFIELD_SIGNATURE (id, version, calc_field_id, signature_id) values (EUMOWY.CALCFIELD_SIGNATURE_SEQ.NEXTVAL, 0,126,8);
insert into EUMOWY.CALCFIELD_SIGNATURE (id, version, calc_field_id, signature_id) values (EUMOWY.CALCFIELD_SIGNATURE_SEQ.NEXTVAL, 0,127,8);
insert into EUMOWY.CALCFIELD_SIGNATURE (id, version, calc_field_id, signature_id) values (EUMOWY.CALCFIELD_SIGNATURE_SEQ.NEXTVAL, 0,123,8);
insert into EUMOWY.CALCFIELD_SIGNATURE (id, version, calc_field_id, signature_id) values (EUMOWY.CALCFIELD_SIGNATURE_SEQ.NEXTVAL, 0,124,8);
insert into EUMOWY.CALCFIELD_SIGNATURE (id, version, calc_field_id, signature_id) values (EUMOWY.CALCFIELD_SIGNATURE_SEQ.NEXTVAL, 0,125,8);
insert into EUMOWY.CALCFIELD_SIGNATURE (id, version, calc_field_id, signature_id) values (EUMOWY.CALCFIELD_SIGNATURE_SEQ.NEXTVAL, 0,128,8);
insert into EUMOWY.CALCFIELD_SIGNATURE (id, version, calc_field_id, signature_id) values (EUMOWY.CALCFIELD_SIGNATURE_SEQ.NEXTVAL, 0,129,8);
insert into EUMOWY.CALCFIELD_SIGNATURE (id, version, calc_field_id, signature_id) values (EUMOWY.CALCFIELD_SIGNATURE_SEQ.NEXTVAL, 0,130,8);
insert into EUMOWY.CALCFIELD_SIGNATURE (id, version, calc_field_id, signature_id) values (EUMOWY.CALCFIELD_SIGNATURE_SEQ.NEXTVAL, 0,131,8);
insert into EUMOWY.CALCFIELD_SIGNATURE (id, version, calc_field_id, signature_id) values (EUMOWY.CALCFIELD_SIGNATURE_SEQ.NEXTVAL, 0,121,8);
insert into EUMOWY.CALCFIELD_SIGNATURE (id, version, calc_field_id, signature_id) values (EUMOWY.CALCFIELD_SIGNATURE_SEQ.NEXTVAL, 0,122,8);
insert into EUMOWY.CALCFIELD_SIGNATURE (id, version, calc_field_id, signature_id) values (EUMOWY.CALCFIELD_SIGNATURE_SEQ.NEXTVAL, 0,117,4);
insert into EUMOWY.CALCFIELD_SIGNATURE (id, version, calc_field_id, signature_id) values (EUMOWY.CALCFIELD_SIGNATURE_SEQ.NEXTVAL, 0,118,4);
insert into EUMOWY.CALCFIELD_SIGNATURE (id, version, calc_field_id, signature_id) values (EUMOWY.CALCFIELD_SIGNATURE_SEQ.NEXTVAL, 0,119,4);
insert into EUMOWY.CALCFIELD_SIGNATURE (id, version, calc_field_id, signature_id) values (EUMOWY.CALCFIELD_SIGNATURE_SEQ.NEXTVAL, 0,120,4);
insert into EUMOWY.CALCFIELD_SIGNATURE (id, version, calc_field_id, signature_id) values (EUMOWY.CALCFIELD_SIGNATURE_SEQ.NEXTVAL, 0,126,4);
insert into EUMOWY.CALCFIELD_SIGNATURE (id, version, calc_field_id, signature_id) values (EUMOWY.CALCFIELD_SIGNATURE_SEQ.NEXTVAL, 0,127,4);
insert into EUMOWY.CALCFIELD_SIGNATURE (id, version, calc_field_id, signature_id) values (EUMOWY.CALCFIELD_SIGNATURE_SEQ.NEXTVAL, 0,123,4);
insert into EUMOWY.CALCFIELD_SIGNATURE (id, version, calc_field_id, signature_id) values (EUMOWY.CALCFIELD_SIGNATURE_SEQ.NEXTVAL, 0,124,4);
insert into EUMOWY.CALCFIELD_SIGNATURE (id, version, calc_field_id, signature_id) values (EUMOWY.CALCFIELD_SIGNATURE_SEQ.NEXTVAL, 0,125,4);
insert into EUMOWY.CALCFIELD_SIGNATURE (id, version, calc_field_id, signature_id) values (EUMOWY.CALCFIELD_SIGNATURE_SEQ.NEXTVAL, 0,128,4);
insert into EUMOWY.CALCFIELD_SIGNATURE (id, version, calc_field_id, signature_id) values (EUMOWY.CALCFIELD_SIGNATURE_SEQ.NEXTVAL, 0,129,4);
insert into EUMOWY.CALCFIELD_SIGNATURE (id, version, calc_field_id, signature_id) values (EUMOWY.CALCFIELD_SIGNATURE_SEQ.NEXTVAL, 0,130,4);
insert into EUMOWY.CALCFIELD_SIGNATURE (id, version, calc_field_id, signature_id) values (EUMOWY.CALCFIELD_SIGNATURE_SEQ.NEXTVAL, 0,131,4);
insert into EUMOWY.CALCFIELD_SIGNATURE (id, version, calc_field_id, signature_id) values (EUMOWY.CALCFIELD_SIGNATURE_SEQ.NEXTVAL, 0,121,4);
insert into EUMOWY.CALCFIELD_SIGNATURE (id, version, calc_field_id, signature_id) values (EUMOWY.CALCFIELD_SIGNATURE_SEQ.NEXTVAL, 0,122,4);
insert into EUMOWY.CALCFIELD_SIGNATURE (id, version, calc_field_id, signature_id) values (EUMOWY.CALCFIELD_SIGNATURE_SEQ.NEXTVAL, 0,132,8);
insert into EUMOWY.CALCFIELD_SIGNATURE (id, version, calc_field_id, signature_id) values (EUMOWY.CALCFIELD_SIGNATURE_SEQ.NEXTVAL, 0,133,8);
insert into EUMOWY.CALCFIELD_SIGNATURE (id, version, calc_field_id, signature_id) values (EUMOWY.CALCFIELD_SIGNATURE_SEQ.NEXTVAL, 0,132,4);
insert into EUMOWY.CALCFIELD_SIGNATURE (id, version, calc_field_id, signature_id) values (EUMOWY.CALCFIELD_SIGNATURE_SEQ.NEXTVAL, 0,133,4);
insert into EUMOWY.CALCFIELD_SIGNATURE (id, version, calc_field_id, signature_id) values (EUMOWY.CALCFIELD_SIGNATURE_SEQ.NEXTVAL, 0,132,18);
insert into EUMOWY.CALCFIELD_SIGNATURE (id, version, calc_field_id, signature_id) values (EUMOWY.CALCFIELD_SIGNATURE_SEQ.NEXTVAL, 0,133,18);
insert into EUMOWY.CALCFIELD_SIGNATURE (id, version, calc_field_id, signature_id) values (EUMOWY.CALCFIELD_SIGNATURE_SEQ.NEXTVAL, 0,132,22);
insert into EUMOWY.CALCFIELD_SIGNATURE (id, version, calc_field_id, signature_id) values (EUMOWY.CALCFIELD_SIGNATURE_SEQ.NEXTVAL, 0,133,22);
insert into EUMOWY.CALCFIELD_SIGNATURE (id, version, calc_field_id, signature_id) values (EUMOWY.CALCFIELD_SIGNATURE_SEQ.NEXTVAL, 0,134,4);
insert into EUMOWY.CALCFIELD_SIGNATURE (id, version, calc_field_id, signature_id) values (EUMOWY.CALCFIELD_SIGNATURE_SEQ.NEXTVAL, 0,134,16);
insert into EUMOWY.CALCFIELD_SIGNATURE (id, version, calc_field_id, signature_id) values (EUMOWY.CALCFIELD_SIGNATURE_SEQ.NEXTVAL, 0,11,26);
insert into EUMOWY.CALCFIELD_SIGNATURE (id, version, calc_field_id, signature_id) values (EUMOWY.CALCFIELD_SIGNATURE_SEQ.NEXTVAL, 0,11,28);
insert into EUMOWY.CALCFIELD_SIGNATURE (id, version, calc_field_id, signature_id) values (EUMOWY.CALCFIELD_SIGNATURE_SEQ.NEXTVAL, 0,11,29);
insert into EUMOWY.CALCFIELD_SIGNATURE (id, version, calc_field_id, signature_id) values (EUMOWY.CALCFIELD_SIGNATURE_SEQ.NEXTVAL, 0,11,27);
insert into EUMOWY.CALCFIELD_SIGNATURE (id, version, calc_field_id, signature_id) values (EUMOWY.CALCFIELD_SIGNATURE_SEQ.NEXTVAL, 0,109,20);
insert into EUMOWY.CALCFIELD_SIGNATURE (id, version, calc_field_id, signature_id) values (EUMOWY.CALCFIELD_SIGNATURE_SEQ.NEXTVAL, 0,110,20);
insert into EUMOWY.CALCFIELD_SIGNATURE (id, version, calc_field_id, signature_id) values (EUMOWY.CALCFIELD_SIGNATURE_SEQ.NEXTVAL, 0,111,20);
insert into EUMOWY.CALCFIELD_SIGNATURE (id, version, calc_field_id, signature_id) values (EUMOWY.CALCFIELD_SIGNATURE_SEQ.NEXTVAL, 0,112,20);
insert into EUMOWY.CALCFIELD_SIGNATURE (id, version, calc_field_id, signature_id) values (EUMOWY.CALCFIELD_SIGNATURE_SEQ.NEXTVAL, 0,113,20);
insert into EUMOWY.CALCFIELD_SIGNATURE (id, version, calc_field_id, signature_id) values (EUMOWY.CALCFIELD_SIGNATURE_SEQ.NEXTVAL, 0,114,20);
insert into EUMOWY.CALCFIELD_SIGNATURE (id, version, calc_field_id, signature_id) values (EUMOWY.CALCFIELD_SIGNATURE_SEQ.NEXTVAL, 0,135,8);
insert into EUMOWY.CALCFIELD_SIGNATURE (id, version, calc_field_id, signature_id) values (EUMOWY.CALCFIELD_SIGNATURE_SEQ.NEXTVAL, 0,136,8);
insert into EUMOWY.CALCFIELD_SIGNATURE (id, version, calc_field_id, signature_id) values (EUMOWY.CALCFIELD_SIGNATURE_SEQ.NEXTVAL, 0,137,8);
insert into EUMOWY.CALCFIELD_SIGNATURE (id, version, calc_field_id, signature_id) values (EUMOWY.CALCFIELD_SIGNATURE_SEQ.NEXTVAL, 0,135,4);
insert into EUMOWY.CALCFIELD_SIGNATURE (id, version, calc_field_id, signature_id) values (EUMOWY.CALCFIELD_SIGNATURE_SEQ.NEXTVAL, 0,136,4);
insert into EUMOWY.CALCFIELD_SIGNATURE (id, version, calc_field_id, signature_id) values (EUMOWY.CALCFIELD_SIGNATURE_SEQ.NEXTVAL, 0,137,4);


insert into EUMOWY.PANEL (id, version, name, order_no) values (1, 0, 'adresacjaSeciowa','230');
insert into EUMOWY.PANEL (id, version, name, order_no) values (2, 0, 'adresDoKorespondencjiPunktu','150');
insert into EUMOWY.PANEL (id, version, name, order_no) values (3, 0, 'adresDoKorespondencjizAkecptantem','70');
insert into EUMOWY.PANEL (id, version, name, order_no) values (4, 0, 'aneksDoUmowyNajmuZestawuPos','40');
insert into EUMOWY.PANEL (id, version, name, order_no) values (5, 0, 'aneksDoUmowyPrepaid','440');
insert into EUMOWY.PANEL (id, version, name, order_no) values (6, 0, 'czasObowiazywaniaUmowy','320');
insert into EUMOWY.PANEL (id, version, name, order_no) values (7, 0, 'daneAkceptanta','50');
insert into EUMOWY.PANEL (id, version, name, order_no) values (8, 0, 'daneDoWydruku','140');
insert into EUMOWY.PANEL (id, version, name, order_no) values (9, 0, 'danePunktu','130');
insert into EUMOWY.PANEL (id, version, name, order_no) values (10, 0, 'dcc','380');
insert into EUMOWY.PANEL (id, version, name, order_no) values (11, 0, 'dccZakresUruchomienia','370');
insert into EUMOWY.PANEL (id, version, name, order_no) values (12, 0, 'deklaracjeAkceptanta','310');
insert into EUMOWY.PANEL (id, version, name, order_no) values (13, 0, 'dodajPunkt','240');
insert into EUMOWY.PANEL (id, version, name, order_no) values (14, 0, 'dodatkoweUslugi','280');
insert into EUMOWY.PANEL (id, version, name, order_no) values (15, 0, 'dodatkoweUslugi2','250');
insert into EUMOWY.PANEL (id, version, name, order_no) values (16, 0, 'dodatkoweUslugiMud','290');
insert into EUMOWY.PANEL (id, version, name, order_no) values (17, 0, 'dodatkoweUslugiUTAIntegracja','300');
insert into EUMOWY.PANEL (id, version, name, order_no) values (18, 0, 'dodatkoweWyposazenie','220');
insert into EUMOWY.PANEL (id, version, name, order_no) values (19, 0, 'formaDoladowania','450');
insert into EUMOWY.PANEL (id, version, name, order_no) values (20, 0, 'funkcjeTerminala','190');
insert into EUMOWY.PANEL (id, version, name, order_no) values (21, 0, 'ifplus','340');
insert into EUMOWY.PANEL (id, version, name, order_no) values (22, 0, 'informacjeDodatkowe','90');
insert into EUMOWY.PANEL (id, version, name, order_no) values (23, 0, 'informacjeTechniczne','180');
insert into EUMOWY.PANEL (id, version, name, order_no) values (24, 0, 'okresLojalnosciowy','270');
insert into EUMOWY.PANEL (id, version, name, order_no) values (25, 0, 'opieka','120');
insert into EUMOWY.PANEL (id, version, name, order_no) values (26, 0, 'oplatyDCC','350');
insert into EUMOWY.PANEL (id, version, name, order_no) values (27, 0, 'osobaDoKontaktu','100');
insert into EUMOWY.PANEL (id, version, name, order_no) values (28, 0, 'osobaDoKontaktuWPunkcie','160');
insert into EUMOWY.PANEL (id, version, name, order_no) values (29, 0, 'osobaKtoraPozyskalaAkceptanta','20');
insert into EUMOWY.PANEL (id, version, name, order_no) values (30, 0, 'osobaUprawnionaDoPodpisaniaUmowy','80');
insert into EUMOWY.PANEL (id, version, name, order_no) values (31, 0, 'poziomOplatiWarunkiPlatnosciKarty','330');
insert into EUMOWY.PANEL (id, version, name, order_no) values (32, 0, 'poziomOplatIWarunkiPlatnosciPP','460');
insert into EUMOWY.PANEL (id, version, name, order_no) values (33, 0, 'promocyjneObnizenieOplatyZaZestawPos','480');
insert into EUMOWY.PANEL (id, version, name, order_no) values (34, 0, 'scoring','110');
insert into EUMOWY.PANEL (id, version, name, order_no) values (35, 0, 'serwisEkonomiczny','400');
insert into EUMOWY.PANEL (id, version, name, order_no) values (36, 0, 'serwisKomfort','410');
insert into EUMOWY.PANEL (id, version, name, order_no) values (37, 0, 'serwisPrzestiz','420');
insert into EUMOWY.PANEL (id, version, name, order_no) values (38, 0, 'siedzibaAkceptanta','60');
insert into EUMOWY.PANEL (id, version, name, order_no) values (39, 0, 'umowa2','30');
insert into EUMOWY.PANEL (id, version, name, order_no) values (40, 0, 'uwagi','490');
insert into EUMOWY.PANEL (id, version, name, order_no) values (41, 0, 'wyborDzialania','10');
insert into EUMOWY.PANEL (id, version, name, order_no) values (42, 0, 'wykazPunktowAkceptujacychKartyPlatnicze','390');
insert into EUMOWY.PANEL (id, version, name, order_no) values (43, 0, 'zestawPos','170');
insert into EUMOWY.PANEL (id, version, name, order_no) values (44, 0, 'zestawPosOdplatneUzywanie','200');
insert into EUMOWY.PANEL (id, version, name, order_no) values (45, 0, 'zestawPosStawkiPreferencyjne','210');
insert into EUMOWY.PANEL (id, version, name, order_no) values (46, 0, 'serwis','260');
insert into EUMOWY.PANEL (id, version, name, order_no) values (47, 0, 'rachunekBankowyKlienta','470');
insert into EUMOWY.PANEL (id, version, name, order_no) values (48, 0, 'oplataDCCZaUruchomienie','360');
insert into EUMOWY.PANEL (id, version, name, order_no) values (49, 0, 'liczbaMiesiecyZwolnieniaZNajmu','430');

INSERT INTO EUMOWY.SIGNATURE_PANEL(id, version, signature_id,  panel_id) SELECT EUMOWY.SIGNATURE_PANEL_SEQ.NEXTVAL, 0, id, 34 FROM EUMOWY.SIGNATURE where name = 'AP/F/DS/2.000/09-04-22';
INSERT INTO EUMOWY.SIGNATURE_PANEL(id, version, signature_id,  panel_id) SELECT EUMOWY.SIGNATURE_PANEL_SEQ.NEXTVAL, 0, id, 32 FROM EUMOWY.SIGNATURE where name = 'AT/USU/FDU/4.004/13-05-22';
INSERT INTO EUMOWY.SIGNATURE_PANEL(id, version, signature_id,  panel_id) SELECT EUMOWY.SIGNATURE_PANEL_SEQ.NEXTVAL, 0, id, 4 FROM EUMOWY.SIGNATURE where name = 'AT/USU/FDU/4.004/13-05-22';
INSERT INTO EUMOWY.SIGNATURE_PANEL(id, version, signature_id,  panel_id) SELECT EUMOWY.SIGNATURE_PANEL_SEQ.NEXTVAL, 0, id, 7 FROM EUMOWY.SIGNATURE where name = 'AT/USU/FDU/4.004/13-05-22';
INSERT INTO EUMOWY.SIGNATURE_PANEL(id, version, signature_id,  panel_id) SELECT EUMOWY.SIGNATURE_PANEL_SEQ.NEXTVAL, 0, id, 12 FROM EUMOWY.SIGNATURE where name = 'AT/USU/FDU/4.004/13-05-22';
INSERT INTO EUMOWY.SIGNATURE_PANEL(id, version, signature_id,  panel_id) SELECT EUMOWY.SIGNATURE_PANEL_SEQ.NEXTVAL, 0, id, 19 FROM EUMOWY.SIGNATURE where name = 'AT/USU/FDU/4.004/13-05-22';
INSERT INTO EUMOWY.SIGNATURE_PANEL(id, version, signature_id,  panel_id) SELECT EUMOWY.SIGNATURE_PANEL_SEQ.NEXTVAL, 0, id, 22 FROM EUMOWY.SIGNATURE where name = 'AT/USU/FDU/4.004/13-05-22';
INSERT INTO EUMOWY.SIGNATURE_PANEL(id, version, signature_id,  panel_id) SELECT EUMOWY.SIGNATURE_PANEL_SEQ.NEXTVAL, 0, id, 30 FROM EUMOWY.SIGNATURE where name = 'AT/USU/FDU/4.004/13-05-22';
INSERT INTO EUMOWY.SIGNATURE_PANEL(id, version, signature_id,  panel_id) SELECT EUMOWY.SIGNATURE_PANEL_SEQ.NEXTVAL, 0, id, 38 FROM EUMOWY.SIGNATURE where name = 'AT/USU/FDU/4.004/13-05-22';
INSERT INTO EUMOWY.SIGNATURE_PANEL(id, version, signature_id,  panel_id) SELECT EUMOWY.SIGNATURE_PANEL_SEQ.NEXTVAL, 0, id, 32 FROM EUMOWY.SIGNATURE where name = 'AP/UPZ2/DCC/1.000/13-02-15';
INSERT INTO EUMOWY.SIGNATURE_PANEL(id, version, signature_id,  panel_id) SELECT EUMOWY.SIGNATURE_PANEL_SEQ.NEXTVAL, 0, id, 4 FROM EUMOWY.SIGNATURE where name = 'AP/UPZ2/DCC/1.000/13-02-15';
INSERT INTO EUMOWY.SIGNATURE_PANEL(id, version, signature_id,  panel_id) SELECT EUMOWY.SIGNATURE_PANEL_SEQ.NEXTVAL, 0, id, 7 FROM EUMOWY.SIGNATURE where name = 'AP/UPZ2/DCC/1.000/13-02-15';
INSERT INTO EUMOWY.SIGNATURE_PANEL(id, version, signature_id,  panel_id) SELECT EUMOWY.SIGNATURE_PANEL_SEQ.NEXTVAL, 0, id, 12 FROM EUMOWY.SIGNATURE where name = 'AP/UPZ2/DCC/1.000/13-02-15';
INSERT INTO EUMOWY.SIGNATURE_PANEL(id, version, signature_id,  panel_id) SELECT EUMOWY.SIGNATURE_PANEL_SEQ.NEXTVAL, 0, id, 19 FROM EUMOWY.SIGNATURE where name = 'AP/UPZ2/DCC/1.000/13-02-15';
INSERT INTO EUMOWY.SIGNATURE_PANEL(id, version, signature_id,  panel_id) SELECT EUMOWY.SIGNATURE_PANEL_SEQ.NEXTVAL, 0, id, 22 FROM EUMOWY.SIGNATURE where name = 'AP/UPZ2/DCC/1.000/13-02-15';
INSERT INTO EUMOWY.SIGNATURE_PANEL(id, version, signature_id,  panel_id) SELECT EUMOWY.SIGNATURE_PANEL_SEQ.NEXTVAL, 0, id, 30 FROM EUMOWY.SIGNATURE where name = 'AP/UPZ2/DCC/1.000/13-02-15';
INSERT INTO EUMOWY.SIGNATURE_PANEL(id, version, signature_id,  panel_id) SELECT EUMOWY.SIGNATURE_PANEL_SEQ.NEXTVAL, 0, id, 38 FROM EUMOWY.SIGNATURE where name = 'AP/UPZ2/DCC/1.000/13-02-15';
INSERT INTO EUMOWY.SIGNATURE_PANEL(id, version, signature_id,  panel_id) SELECT EUMOWY.SIGNATURE_PANEL_SEQ.NEXTVAL, 0, id, 11 FROM EUMOWY.SIGNATURE where name = '1';
INSERT INTO EUMOWY.SIGNATURE_PANEL(id, version, signature_id,  panel_id) SELECT EUMOWY.SIGNATURE_PANEL_SEQ.NEXTVAL, 0, id, 11 FROM EUMOWY.SIGNATURE where name = 'AP/UPZ/DCC/2.003/13-02-15';
INSERT INTO EUMOWY.SIGNATURE_PANEL(id, version, signature_id,  panel_id) SELECT EUMOWY.SIGNATURE_PANEL_SEQ.NEXTVAL, 0, id, 21 FROM EUMOWY.SIGNATURE where name = '15 ';
INSERT INTO EUMOWY.SIGNATURE_PANEL(id, version, signature_id,  panel_id) SELECT EUMOWY.SIGNATURE_PANEL_SEQ.NEXTVAL, 0, id, 21 FROM EUMOWY.SIGNATURE where name = 'AP/UPZIF/2.000/13-03-26';
INSERT INTO EUMOWY.SIGNATURE_PANEL(id, version, signature_id,  panel_id) SELECT EUMOWY.SIGNATURE_PANEL_SEQ.NEXTVAL, 0, id, 31 FROM EUMOWY.SIGNATURE where name = 'AP/UPZBS/AIKO/1.000/13-03-25';
INSERT INTO EUMOWY.SIGNATURE_PANEL(id, version, signature_id,  panel_id) SELECT EUMOWY.SIGNATURE_PANEL_SEQ.NEXTVAL, 0, id, 31 FROM EUMOWY.SIGNATURE where name = 'AP/UPZ/AWNZBS/1.000/13-01-25';
INSERT INTO EUMOWY.SIGNATURE_PANEL(id, version, signature_id,  panel_id) SELECT EUMOWY.SIGNATURE_PANEL_SEQ.NEXTVAL, 0, id, 31 FROM EUMOWY.SIGNATURE where name = 'AP/UPZ/AWNZS/1.000/13-01-25';
INSERT INTO EUMOWY.SIGNATURE_PANEL(id, version, signature_id,  panel_id) SELECT EUMOWY.SIGNATURE_PANEL_SEQ.NEXTVAL, 0, id, 31 FROM EUMOWY.SIGNATURE where name = 'AP/UPZ/2.000/13-01-03';
INSERT INTO EUMOWY.SIGNATURE_PANEL(id, version, signature_id,  panel_id) SELECT EUMOWY.SIGNATURE_PANEL_SEQ.NEXTVAL, 0, id, 31 FROM EUMOWY.SIGNATURE where name = 'AP/UPZBS/2.000/13-01-25';
INSERT INTO EUMOWY.SIGNATURE_PANEL(id, version, signature_id,  panel_id) SELECT EUMOWY.SIGNATURE_PANEL_SEQ.NEXTVAL, 0, id, 32 FROM EUMOWY.SIGNATURE where name = 'AT/USU/5.004/13-05-22';
INSERT INTO EUMOWY.SIGNATURE_PANEL(id, version, signature_id,  panel_id) SELECT EUMOWY.SIGNATURE_PANEL_SEQ.NEXTVAL, 0, id, 33 FROM EUMOWY.SIGNATURE where name = 'AP/UNTSS/1.003/12-01-16';
INSERT INTO EUMOWY.SIGNATURE_PANEL(id, version, signature_id,  panel_id) SELECT EUMOWY.SIGNATURE_PANEL_SEQ.NEXTVAL, 0, id, 33 FROM EUMOWY.SIGNATURE where name = 'AP/UNTZ/2.003/12-01-16';
INSERT INTO EUMOWY.SIGNATURE_PANEL(id, version, signature_id,  panel_id) SELECT EUMOWY.SIGNATURE_PANEL_SEQ.NEXTVAL, 0, id, 33 FROM EUMOWY.SIGNATURE where name = 'AP/UNTSZ/APOO/3.002/12-01-16';
INSERT INTO EUMOWY.SIGNATURE_PANEL(id, version, signature_id,  panel_id) SELECT EUMOWY.SIGNATURE_PANEL_SEQ.NEXTVAL, 0, id, 33 FROM EUMOWY.SIGNATURE where name = 'x8';
INSERT INTO EUMOWY.SIGNATURE_PANEL(id, version, signature_id,  panel_id) SELECT EUMOWY.SIGNATURE_PANEL_SEQ.NEXTVAL, 0, id, 33 FROM EUMOWY.SIGNATURE where name = 'x9';
INSERT INTO EUMOWY.SIGNATURE_PANEL(id, version, signature_id,  panel_id) SELECT EUMOWY.SIGNATURE_PANEL_SEQ.NEXTVAL, 0, id, 42 FROM EUMOWY.SIGNATURE where name = '2 ';
INSERT INTO EUMOWY.SIGNATURE_PANEL(id, version, signature_id,  panel_id) SELECT EUMOWY.SIGNATURE_PANEL_SEQ.NEXTVAL, 0, id, 42 FROM EUMOWY.SIGNATURE where name = 'AP/UNTSS/1.003/12-01-16';
INSERT INTO EUMOWY.SIGNATURE_PANEL(id, version, signature_id,  panel_id) SELECT EUMOWY.SIGNATURE_PANEL_SEQ.NEXTVAL, 0, id, 42 FROM EUMOWY.SIGNATURE where name = 'AP/UNTZ/2.003/12-01-16';
INSERT INTO EUMOWY.SIGNATURE_PANEL(id, version, signature_id,  panel_id) SELECT EUMOWY.SIGNATURE_PANEL_SEQ.NEXTVAL, 0, id, 42 FROM EUMOWY.SIGNATURE where name = 'x8';
INSERT INTO EUMOWY.SIGNATURE_PANEL(id, version, signature_id,  panel_id) SELECT EUMOWY.SIGNATURE_PANEL_SEQ.NEXTVAL, 0, id, 42 FROM EUMOWY.SIGNATURE where name = 'x9';
--INSERT INTO EUMOWY.SIGNATURE_PANEL(id, version, signature_id,  panel_id) SELECT EUMOWY.SIGNATURE_PANEL_SEQ.NEXTVAL, 0, id, 2 FROM EUMOWY.SIGNATURE where name = 'AP-AG/F/DP/2.003/13-05-10';
INSERT INTO EUMOWY.SIGNATURE_PANEL(id, version, signature_id,  panel_id) SELECT EUMOWY.SIGNATURE_PANEL_SEQ.NEXTVAL, 0, id, 3 FROM EUMOWY.SIGNATURE where name = 'AP-AG/F/DF/2.003/12-02-06';
INSERT INTO EUMOWY.SIGNATURE_PANEL(id, version, signature_id,  panel_id) SELECT EUMOWY.SIGNATURE_PANEL_SEQ.NEXTVAL, 0, id, 4 FROM EUMOWY.SIGNATURE where name = '1';
INSERT INTO EUMOWY.SIGNATURE_PANEL(id, version, signature_id,  panel_id) SELECT EUMOWY.SIGNATURE_PANEL_SEQ.NEXTVAL, 0, id, 4 FROM EUMOWY.SIGNATURE where name = 'AP/UNTSZ/APOU/3.002/12-01-16';
INSERT INTO EUMOWY.SIGNATURE_PANEL(id, version, signature_id,  panel_id) SELECT EUMOWY.SIGNATURE_PANEL_SEQ.NEXTVAL, 0, id, 4 FROM EUMOWY.SIGNATURE where name = 'AP/UPZBS/AIKO/1.000/13-03-25';
INSERT INTO EUMOWY.SIGNATURE_PANEL(id, version, signature_id,  panel_id) SELECT EUMOWY.SIGNATURE_PANEL_SEQ.NEXTVAL, 0, id, 4 FROM EUMOWY.SIGNATURE where name = 'AP/UNTSZ/OKOD/2.003/12-01-16';
INSERT INTO EUMOWY.SIGNATURE_PANEL(id, version, signature_id,  panel_id) SELECT EUMOWY.SIGNATURE_PANEL_SEQ.NEXTVAL, 0, id, 4 FROM EUMOWY.SIGNATURE where name = 'AP/UPZ/IF/2.001/13-04-05';
INSERT INTO EUMOWY.SIGNATURE_PANEL(id, version, signature_id,  panel_id) SELECT EUMOWY.SIGNATURE_PANEL_SEQ.NEXTVAL, 0, id, 4 FROM EUMOWY.SIGNATURE where name = 'AP/UPZ/AWNZBS/1.000/13-01-25';
INSERT INTO EUMOWY.SIGNATURE_PANEL(id, version, signature_id,  panel_id) SELECT EUMOWY.SIGNATURE_PANEL_SEQ.NEXTVAL, 0, id, 4 FROM EUMOWY.SIGNATURE where name = 'AP/UPZ/AWNZS/1.000/13-01-25';
INSERT INTO EUMOWY.SIGNATURE_PANEL(id, version, signature_id,  panel_id) SELECT EUMOWY.SIGNATURE_PANEL_SEQ.NEXTVAL, 0, id, 4 FROM EUMOWY.SIGNATURE where name = 'AP/UNTSZ/APOO/3.002/12-01-16';
INSERT INTO EUMOWY.SIGNATURE_PANEL(id, version, signature_id,  panel_id) SELECT EUMOWY.SIGNATURE_PANEL_SEQ.NEXTVAL, 0, id, 4 FROM EUMOWY.SIGNATURE where name = 'AP/UPZIF/2.000/13-03-26';
INSERT INTO EUMOWY.SIGNATURE_PANEL(id, version, signature_id,  panel_id) SELECT EUMOWY.SIGNATURE_PANEL_SEQ.NEXTVAL, 0, id, 4 FROM EUMOWY.SIGNATURE where name = 'AT/USU/5.004/13-05-22';
INSERT INTO EUMOWY.SIGNATURE_PANEL(id, version, signature_id,  panel_id) SELECT EUMOWY.SIGNATURE_PANEL_SEQ.NEXTVAL, 0, id, 4 FROM EUMOWY.SIGNATURE where name = 'x8';
INSERT INTO EUMOWY.SIGNATURE_PANEL(id, version, signature_id,  panel_id) SELECT EUMOWY.SIGNATURE_PANEL_SEQ.NEXTVAL, 0, id, 4 FROM EUMOWY.SIGNATURE where name = 'x9';
INSERT INTO EUMOWY.SIGNATURE_PANEL(id, version, signature_id,  panel_id) SELECT EUMOWY.SIGNATURE_PANEL_SEQ.NEXTVAL, 0, id, 4 FROM EUMOWY.SIGNATURE where name = 'AP/UNTSZ/AWNZ/3.002/12-01-16';
INSERT INTO EUMOWY.SIGNATURE_PANEL(id, version, signature_id,  panel_id) SELECT EUMOWY.SIGNATURE_PANEL_SEQ.NEXTVAL, 0, id, 4 FROM EUMOWY.SIGNATURE where name = 'AP/UPZ2/ACB/1.000/13-02-15';
INSERT INTO EUMOWY.SIGNATURE_PANEL(id, version, signature_id,  panel_id) SELECT EUMOWY.SIGNATURE_PANEL_SEQ.NEXTVAL, 0, id, 4 FROM EUMOWY.SIGNATURE where name = 'AP/UPZ/ACB/2.003/13-02-15';
INSERT INTO EUMOWY.SIGNATURE_PANEL(id, version, signature_id,  panel_id) SELECT EUMOWY.SIGNATURE_PANEL_SEQ.NEXTVAL, 0, id, 4 FROM EUMOWY.SIGNATURE where name = 'AP/UNTSZ/DCCZ/1.001/12-10-05';
INSERT INTO EUMOWY.SIGNATURE_PANEL(id, version, signature_id,  panel_id) SELECT EUMOWY.SIGNATURE_PANEL_SEQ.NEXTVAL, 0, id, 4 FROM EUMOWY.SIGNATURE where name = 'AP/UNTSZ/DCC/2.002/12-01-16';
INSERT INTO EUMOWY.SIGNATURE_PANEL(id, version, signature_id,  panel_id) SELECT EUMOWY.SIGNATURE_PANEL_SEQ.NEXTVAL, 0, id, 4 FROM EUMOWY.SIGNATURE where name = 'AP/UPZ/DCC/2.003/13-02-15';
INSERT INTO EUMOWY.SIGNATURE_PANEL(id, version, signature_id,  panel_id) SELECT EUMOWY.SIGNATURE_PANEL_SEQ.NEXTVAL, 0, id, 4 FROM EUMOWY.SIGNATURE where name = 'AP/UPZ/DCCZ/1.002/13-02-15';
INSERT INTO EUMOWY.SIGNATURE_PANEL(id, version, signature_id,  panel_id) SELECT EUMOWY.SIGNATURE_PANEL_SEQ.NEXTVAL, 0, id, 6 FROM EUMOWY.SIGNATURE where name = 'AP/UPZ/2.000/13-01-03';
INSERT INTO EUMOWY.SIGNATURE_PANEL(id, version, signature_id,  panel_id) SELECT EUMOWY.SIGNATURE_PANEL_SEQ.NEXTVAL, 0, id, 6 FROM EUMOWY.SIGNATURE where name = 'AP/UPZBS/2.000/13-01-25';
INSERT INTO EUMOWY.SIGNATURE_PANEL(id, version, signature_id,  panel_id) SELECT EUMOWY.SIGNATURE_PANEL_SEQ.NEXTVAL, 0, id, 6 FROM EUMOWY.SIGNATURE where name = 'AP/UPZIF/2.000/13-03-26';
INSERT INTO EUMOWY.SIGNATURE_PANEL(id, version, signature_id,  panel_id) SELECT EUMOWY.SIGNATURE_PANEL_SEQ.NEXTVAL, 0, id, 7 FROM EUMOWY.SIGNATURE where name = '1';
INSERT INTO EUMOWY.SIGNATURE_PANEL(id, version, signature_id,  panel_id) SELECT EUMOWY.SIGNATURE_PANEL_SEQ.NEXTVAL, 0, id, 7 FROM EUMOWY.SIGNATURE where name = 'AP/UNTSZ/APOU/3.002/12-01-16';
INSERT INTO EUMOWY.SIGNATURE_PANEL(id, version, signature_id,  panel_id) SELECT EUMOWY.SIGNATURE_PANEL_SEQ.NEXTVAL, 0, id, 7 FROM EUMOWY.SIGNATURE where name = 'AP/UPZBS/AIKO/1.000/13-03-25';
INSERT INTO EUMOWY.SIGNATURE_PANEL(id, version, signature_id,  panel_id) SELECT EUMOWY.SIGNATURE_PANEL_SEQ.NEXTVAL, 0, id, 7 FROM EUMOWY.SIGNATURE where name = 'AP/UNTSZ/OKOD/2.003/12-01-16';
INSERT INTO EUMOWY.SIGNATURE_PANEL(id, version, signature_id,  panel_id) SELECT EUMOWY.SIGNATURE_PANEL_SEQ.NEXTVAL, 0, id, 7 FROM EUMOWY.SIGNATURE where name = 'AP/UPZ/IF/2.001/13-04-05';
INSERT INTO EUMOWY.SIGNATURE_PANEL(id, version, signature_id,  panel_id) SELECT EUMOWY.SIGNATURE_PANEL_SEQ.NEXTVAL, 0, id, 7 FROM EUMOWY.SIGNATURE where name = 'AP/UPZ/AWNZBS/1.000/13-01-25';
INSERT INTO EUMOWY.SIGNATURE_PANEL(id, version, signature_id,  panel_id) SELECT EUMOWY.SIGNATURE_PANEL_SEQ.NEXTVAL, 0, id, 7 FROM EUMOWY.SIGNATURE where name = 'AP/UPZ/AWNZS/1.000/13-01-25';
INSERT INTO EUMOWY.SIGNATURE_PANEL(id, version, signature_id,  panel_id) SELECT EUMOWY.SIGNATURE_PANEL_SEQ.NEXTVAL, 0, id, 7 FROM EUMOWY.SIGNATURE where name = 'AP-AG/F/DF/2.003/12-02-06';
INSERT INTO EUMOWY.SIGNATURE_PANEL(id, version, signature_id,  panel_id) SELECT EUMOWY.SIGNATURE_PANEL_SEQ.NEXTVAL, 0, id, 7 FROM EUMOWY.SIGNATURE where name = 'AP/UNTSS/1.003/12-01-16';
INSERT INTO EUMOWY.SIGNATURE_PANEL(id, version, signature_id,  panel_id) SELECT EUMOWY.SIGNATURE_PANEL_SEQ.NEXTVAL, 0, id, 7 FROM EUMOWY.SIGNATURE where name = 'AP/UNTZ/2.003/12-01-16';
INSERT INTO EUMOWY.SIGNATURE_PANEL(id, version, signature_id,  panel_id) SELECT EUMOWY.SIGNATURE_PANEL_SEQ.NEXTVAL, 0, id, 7 FROM EUMOWY.SIGNATURE where name = 'AP/UNTSZ/APOO/3.002/12-01-16';
INSERT INTO EUMOWY.SIGNATURE_PANEL(id, version, signature_id,  panel_id) SELECT EUMOWY.SIGNATURE_PANEL_SEQ.NEXTVAL, 0, id, 7 FROM EUMOWY.SIGNATURE where name = 'AP/UPZ/2.000/13-01-03';
INSERT INTO EUMOWY.SIGNATURE_PANEL(id, version, signature_id,  panel_id) SELECT EUMOWY.SIGNATURE_PANEL_SEQ.NEXTVAL, 0, id, 7 FROM EUMOWY.SIGNATURE where name = 'AP/UPZBS/2.000/13-01-25';
INSERT INTO EUMOWY.SIGNATURE_PANEL(id, version, signature_id,  panel_id) SELECT EUMOWY.SIGNATURE_PANEL_SEQ.NEXTVAL, 0, id, 7 FROM EUMOWY.SIGNATURE where name = 'AP/UPZIF/2.000/13-03-26';
INSERT INTO EUMOWY.SIGNATURE_PANEL(id, version, signature_id,  panel_id) SELECT EUMOWY.SIGNATURE_PANEL_SEQ.NEXTVAL, 0, id, 7 FROM EUMOWY.SIGNATURE where name = 'AT/USU/5.004/13-05-22';
INSERT INTO EUMOWY.SIGNATURE_PANEL(id, version, signature_id,  panel_id) SELECT EUMOWY.SIGNATURE_PANEL_SEQ.NEXTVAL, 0, id, 7 FROM EUMOWY.SIGNATURE where name = 'x8';
INSERT INTO EUMOWY.SIGNATURE_PANEL(id, version, signature_id,  panel_id) SELECT EUMOWY.SIGNATURE_PANEL_SEQ.NEXTVAL, 0, id, 7 FROM EUMOWY.SIGNATURE where name = 'x9';
INSERT INTO EUMOWY.SIGNATURE_PANEL(id, version, signature_id,  panel_id) SELECT EUMOWY.SIGNATURE_PANEL_SEQ.NEXTVAL, 0, id, 7 FROM EUMOWY.SIGNATURE where name = 'AP/UNTSZ/AWNZ/3.002/12-01-16';
INSERT INTO EUMOWY.SIGNATURE_PANEL(id, version, signature_id,  panel_id) SELECT EUMOWY.SIGNATURE_PANEL_SEQ.NEXTVAL, 0, id, 7 FROM EUMOWY.SIGNATURE where name = 'AP/UPZ2/ACB/1.000/13-02-15';
INSERT INTO EUMOWY.SIGNATURE_PANEL(id, version, signature_id,  panel_id) SELECT EUMOWY.SIGNATURE_PANEL_SEQ.NEXTVAL, 0, id, 7 FROM EUMOWY.SIGNATURE where name = 'AP/UPZ/ACB/2.003/13-02-15';
INSERT INTO EUMOWY.SIGNATURE_PANEL(id, version, signature_id,  panel_id) SELECT EUMOWY.SIGNATURE_PANEL_SEQ.NEXTVAL, 0, id, 7 FROM EUMOWY.SIGNATURE where name = 'AP/UNTSZ/DCCZ/1.001/12-10-05';
INSERT INTO EUMOWY.SIGNATURE_PANEL(id, version, signature_id,  panel_id) SELECT EUMOWY.SIGNATURE_PANEL_SEQ.NEXTVAL, 0, id, 7 FROM EUMOWY.SIGNATURE where name = 'AP/UNTSZ/DCC/2.002/12-01-16';
INSERT INTO EUMOWY.SIGNATURE_PANEL(id, version, signature_id,  panel_id) SELECT EUMOWY.SIGNATURE_PANEL_SEQ.NEXTVAL, 0, id, 7 FROM EUMOWY.SIGNATURE where name = 'AP/UPZ/DCC/2.003/13-02-15';
INSERT INTO EUMOWY.SIGNATURE_PANEL(id, version, signature_id,  panel_id) SELECT EUMOWY.SIGNATURE_PANEL_SEQ.NEXTVAL, 0, id, 7 FROM EUMOWY.SIGNATURE where name = 'AP/UPZ/DCCZ/1.002/13-02-15';
--INSERT INTO EUMOWY.SIGNATURE_PANEL(id, version, signature_id,  panel_id) SELECT EUMOWY.SIGNATURE_PANEL_SEQ.NEXTVAL, 0, id, 8 FROM EUMOWY.SIGNATURE where name = 'AP-AG/F/DP/2.003/13-05-10';
--INSERT INTO EUMOWY.SIGNATURE_PANEL(id, version, signature_id,  panel_id) SELECT EUMOWY.SIGNATURE_PANEL_SEQ.NEXTVAL, 0, id, 9 FROM EUMOWY.SIGNATURE where name = 'AP-AG/F/DP/2.003/13-05-10';
INSERT INTO EUMOWY.SIGNATURE_PANEL(id, version, signature_id,  panel_id) SELECT EUMOWY.SIGNATURE_PANEL_SEQ.NEXTVAL, 0, id, 10 FROM EUMOWY.SIGNATURE where name = '1';
INSERT INTO EUMOWY.SIGNATURE_PANEL(id, version, signature_id,  panel_id) SELECT EUMOWY.SIGNATURE_PANEL_SEQ.NEXTVAL, 0, id, 10 FROM EUMOWY.SIGNATURE where name = 'AP/UPZ/DCC/2.003/13-02-15';
INSERT INTO EUMOWY.SIGNATURE_PANEL(id, version, signature_id,  panel_id) SELECT EUMOWY.SIGNATURE_PANEL_SEQ.NEXTVAL, 0, id, 10 FROM EUMOWY.SIGNATURE where name = 'AP/UPZ/DCCZ/1.002/13-02-15';
INSERT INTO EUMOWY.SIGNATURE_PANEL(id, version, signature_id,  panel_id) SELECT EUMOWY.SIGNATURE_PANEL_SEQ.NEXTVAL, 0, id, 12 FROM EUMOWY.SIGNATURE where name = 'AP/UNTSS/1.003/12-01-16';
INSERT INTO EUMOWY.SIGNATURE_PANEL(id, version, signature_id,  panel_id) SELECT EUMOWY.SIGNATURE_PANEL_SEQ.NEXTVAL, 0, id, 12 FROM EUMOWY.SIGNATURE where name = 'AP/UNTZ/2.003/12-01-16';
INSERT INTO EUMOWY.SIGNATURE_PANEL(id, version, signature_id,  panel_id) SELECT EUMOWY.SIGNATURE_PANEL_SEQ.NEXTVAL, 0, id, 12 FROM EUMOWY.SIGNATURE where name = 'AP/UPZ/2.000/13-01-03';
INSERT INTO EUMOWY.SIGNATURE_PANEL(id, version, signature_id,  panel_id) SELECT EUMOWY.SIGNATURE_PANEL_SEQ.NEXTVAL, 0, id, 12 FROM EUMOWY.SIGNATURE where name = 'AP/UPZBS/2.000/13-01-25';
INSERT INTO EUMOWY.SIGNATURE_PANEL(id, version, signature_id,  panel_id) SELECT EUMOWY.SIGNATURE_PANEL_SEQ.NEXTVAL, 0, id, 12 FROM EUMOWY.SIGNATURE where name = 'AP/UPZIF/2.000/13-03-26';
INSERT INTO EUMOWY.SIGNATURE_PANEL(id, version, signature_id,  panel_id) SELECT EUMOWY.SIGNATURE_PANEL_SEQ.NEXTVAL, 0, id, 12 FROM EUMOWY.SIGNATURE where name = 'AT/USU/5.004/13-05-22';
INSERT INTO EUMOWY.SIGNATURE_PANEL(id, version, signature_id,  panel_id) SELECT EUMOWY.SIGNATURE_PANEL_SEQ.NEXTVAL, 0, id, 12 FROM EUMOWY.SIGNATURE where name = 'x8';
INSERT INTO EUMOWY.SIGNATURE_PANEL(id, version, signature_id,  panel_id) SELECT EUMOWY.SIGNATURE_PANEL_SEQ.NEXTVAL, 0, id, 12 FROM EUMOWY.SIGNATURE where name = 'x9';
INSERT INTO EUMOWY.SIGNATURE_PANEL(id, version, signature_id,  panel_id) SELECT EUMOWY.SIGNATURE_PANEL_SEQ.NEXTVAL, 0, id, 13 FROM EUMOWY.SIGNATURE where name = 'AP-AG/F/DP/2.003/13-05-10';
INSERT INTO EUMOWY.SIGNATURE_PANEL(id, version, signature_id,  panel_id) SELECT EUMOWY.SIGNATURE_PANEL_SEQ.NEXTVAL, 0, id, 14 FROM EUMOWY.SIGNATURE where name = 'AP/UNTZ/2.003/12-01-16';
INSERT INTO EUMOWY.SIGNATURE_PANEL(id, version, signature_id,  panel_id) SELECT EUMOWY.SIGNATURE_PANEL_SEQ.NEXTVAL, 0, id, 14 FROM EUMOWY.SIGNATURE where name = 'x9';
INSERT INTO EUMOWY.SIGNATURE_PANEL(id, version, signature_id,  panel_id) SELECT EUMOWY.SIGNATURE_PANEL_SEQ.NEXTVAL, 0, id, 14 FROM EUMOWY.SIGNATURE where name = 'AP/UNTSZ/AWNZ/3.002/12-01-16';
INSERT INTO EUMOWY.SIGNATURE_PANEL(id, version, signature_id,  panel_id) SELECT EUMOWY.SIGNATURE_PANEL_SEQ.NEXTVAL, 0, id, 15 FROM EUMOWY.SIGNATURE where name = '24';
INSERT INTO EUMOWY.SIGNATURE_PANEL(id, version, signature_id,  panel_id) SELECT EUMOWY.SIGNATURE_PANEL_SEQ.NEXTVAL, 0, id, 15 FROM EUMOWY.SIGNATURE where name = 'AP/UNTSS/1.003/12-01-16';
INSERT INTO EUMOWY.SIGNATURE_PANEL(id, version, signature_id,  panel_id) SELECT EUMOWY.SIGNATURE_PANEL_SEQ.NEXTVAL, 0, id, 15 FROM EUMOWY.SIGNATURE where name = 'AP/UNTZ/2.003/12-01-16';
INSERT INTO EUMOWY.SIGNATURE_PANEL(id, version, signature_id,  panel_id) SELECT EUMOWY.SIGNATURE_PANEL_SEQ.NEXTVAL, 0, id, 15 FROM EUMOWY.SIGNATURE where name = 'x8';
INSERT INTO EUMOWY.SIGNATURE_PANEL(id, version, signature_id,  panel_id) SELECT EUMOWY.SIGNATURE_PANEL_SEQ.NEXTVAL, 0, id, 15 FROM EUMOWY.SIGNATURE where name = 'x9';
INSERT INTO EUMOWY.SIGNATURE_PANEL(id, version, signature_id,  panel_id) SELECT EUMOWY.SIGNATURE_PANEL_SEQ.NEXTVAL, 0, id, 15 FROM EUMOWY.SIGNATURE where name = 'AP/UNTSZ/DCCZ/1.001/12-10-05';
INSERT INTO EUMOWY.SIGNATURE_PANEL(id, version, signature_id,  panel_id) SELECT EUMOWY.SIGNATURE_PANEL_SEQ.NEXTVAL, 0, id, 15 FROM EUMOWY.SIGNATURE where name = 'AP/UNTSZ/DCC/2.002/12-01-16';
INSERT INTO EUMOWY.SIGNATURE_PANEL(id, version, signature_id,  panel_id) SELECT EUMOWY.SIGNATURE_PANEL_SEQ.NEXTVAL, 0, id, 15 FROM EUMOWY.SIGNATURE where name = 'AP/UPZ/DCC/2.003/13-02-15';
--INSERT INTO EUMOWY.SIGNATURE_PANEL(id, version, signature_id,  panel_id) SELECT EUMOWY.SIGNATURE_PANEL_SEQ.NEXTVAL, 0, id, 18 FROM EUMOWY.SIGNATURE where name = 'AP-AG/F/DP/2.003/13-05-10';
INSERT INTO EUMOWY.SIGNATURE_PANEL(id, version, signature_id,  panel_id) SELECT EUMOWY.SIGNATURE_PANEL_SEQ.NEXTVAL, 0, id, 19 FROM EUMOWY.SIGNATURE where name = 'AT/USU/5.004/13-05-22';
--INSERT INTO EUMOWY.SIGNATURE_PANEL(id, version, signature_id,  panel_id) SELECT EUMOWY.SIGNATURE_PANEL_SEQ.NEXTVAL, 0, id, 20 FROM EUMOWY.SIGNATURE where name = 'AP-AG/F/DP/2.003/13-05-10';
INSERT INTO EUMOWY.SIGNATURE_PANEL(id, version, signature_id,  panel_id) SELECT EUMOWY.SIGNATURE_PANEL_SEQ.NEXTVAL, 0, id, 22 FROM EUMOWY.SIGNATURE where name = '1';
INSERT INTO EUMOWY.SIGNATURE_PANEL(id, version, signature_id,  panel_id) SELECT EUMOWY.SIGNATURE_PANEL_SEQ.NEXTVAL, 0, id, 22 FROM EUMOWY.SIGNATURE where name = 'AP/UNTSZ/APOU/3.002/12-01-16';
INSERT INTO EUMOWY.SIGNATURE_PANEL(id, version, signature_id,  panel_id) SELECT EUMOWY.SIGNATURE_PANEL_SEQ.NEXTVAL, 0, id, 22 FROM EUMOWY.SIGNATURE where name = 'AP/UPZBS/AIKO/1.000/13-03-25';
INSERT INTO EUMOWY.SIGNATURE_PANEL(id, version, signature_id,  panel_id) SELECT EUMOWY.SIGNATURE_PANEL_SEQ.NEXTVAL, 0, id, 22 FROM EUMOWY.SIGNATURE where name = 'AP/UNTSZ/OKOD/2.003/12-01-16';
INSERT INTO EUMOWY.SIGNATURE_PANEL(id, version, signature_id,  panel_id) SELECT EUMOWY.SIGNATURE_PANEL_SEQ.NEXTVAL, 0, id, 22 FROM EUMOWY.SIGNATURE where name = 'AP/UPZ/IF/2.001/13-04-05';
INSERT INTO EUMOWY.SIGNATURE_PANEL(id, version, signature_id,  panel_id) SELECT EUMOWY.SIGNATURE_PANEL_SEQ.NEXTVAL, 0, id, 22 FROM EUMOWY.SIGNATURE where name = 'AP/UPZ/AWNZBS/1.000/13-01-25';
INSERT INTO EUMOWY.SIGNATURE_PANEL(id, version, signature_id,  panel_id) SELECT EUMOWY.SIGNATURE_PANEL_SEQ.NEXTVAL, 0, id, 22 FROM EUMOWY.SIGNATURE where name = 'AP/UPZ/AWNZS/1.000/13-01-25';
INSERT INTO EUMOWY.SIGNATURE_PANEL(id, version, signature_id,  panel_id) SELECT EUMOWY.SIGNATURE_PANEL_SEQ.NEXTVAL, 0, id, 22 FROM EUMOWY.SIGNATURE where name = 'AP-AG/F/DF/2.003/12-02-06';
INSERT INTO EUMOWY.SIGNATURE_PANEL(id, version, signature_id,  panel_id) SELECT EUMOWY.SIGNATURE_PANEL_SEQ.NEXTVAL, 0, id, 22 FROM EUMOWY.SIGNATURE where name = 'AP/UNTSS/1.003/12-01-16';
INSERT INTO EUMOWY.SIGNATURE_PANEL(id, version, signature_id,  panel_id) SELECT EUMOWY.SIGNATURE_PANEL_SEQ.NEXTVAL, 0, id, 22 FROM EUMOWY.SIGNATURE where name = 'AP/UNTZ/2.003/12-01-16';
INSERT INTO EUMOWY.SIGNATURE_PANEL(id, version, signature_id,  panel_id) SELECT EUMOWY.SIGNATURE_PANEL_SEQ.NEXTVAL, 0, id, 22 FROM EUMOWY.SIGNATURE where name = 'AP/UNTSZ/APOO/3.002/12-01-16';
INSERT INTO EUMOWY.SIGNATURE_PANEL(id, version, signature_id,  panel_id) SELECT EUMOWY.SIGNATURE_PANEL_SEQ.NEXTVAL, 0, id, 22 FROM EUMOWY.SIGNATURE where name = 'AP/UPZ/2.000/13-01-03';
INSERT INTO EUMOWY.SIGNATURE_PANEL(id, version, signature_id,  panel_id) SELECT EUMOWY.SIGNATURE_PANEL_SEQ.NEXTVAL, 0, id, 22 FROM EUMOWY.SIGNATURE where name = 'AP/UPZBS/2.000/13-01-25';
INSERT INTO EUMOWY.SIGNATURE_PANEL(id, version, signature_id,  panel_id) SELECT EUMOWY.SIGNATURE_PANEL_SEQ.NEXTVAL, 0, id, 22 FROM EUMOWY.SIGNATURE where name = 'AP/UPZIF/2.000/13-03-26';
INSERT INTO EUMOWY.SIGNATURE_PANEL(id, version, signature_id,  panel_id) SELECT EUMOWY.SIGNATURE_PANEL_SEQ.NEXTVAL, 0, id, 22 FROM EUMOWY.SIGNATURE where name = 'AT/USU/5.004/13-05-22';
INSERT INTO EUMOWY.SIGNATURE_PANEL(id, version, signature_id,  panel_id) SELECT EUMOWY.SIGNATURE_PANEL_SEQ.NEXTVAL, 0, id, 22 FROM EUMOWY.SIGNATURE where name = 'x8';
INSERT INTO EUMOWY.SIGNATURE_PANEL(id, version, signature_id,  panel_id) SELECT EUMOWY.SIGNATURE_PANEL_SEQ.NEXTVAL, 0, id, 22 FROM EUMOWY.SIGNATURE where name = 'x9';
INSERT INTO EUMOWY.SIGNATURE_PANEL(id, version, signature_id,  panel_id) SELECT EUMOWY.SIGNATURE_PANEL_SEQ.NEXTVAL, 0, id, 22 FROM EUMOWY.SIGNATURE where name = 'AP/UNTSZ/AWNZ/3.002/12-01-16';
INSERT INTO EUMOWY.SIGNATURE_PANEL(id, version, signature_id,  panel_id) SELECT EUMOWY.SIGNATURE_PANEL_SEQ.NEXTVAL, 0, id, 22 FROM EUMOWY.SIGNATURE where name = 'AP/UPZ2/ACB/1.000/13-02-15';
INSERT INTO EUMOWY.SIGNATURE_PANEL(id, version, signature_id,  panel_id) SELECT EUMOWY.SIGNATURE_PANEL_SEQ.NEXTVAL, 0, id, 22 FROM EUMOWY.SIGNATURE where name = 'AP/UPZ/ACB/2.003/13-02-15';
INSERT INTO EUMOWY.SIGNATURE_PANEL(id, version, signature_id,  panel_id) SELECT EUMOWY.SIGNATURE_PANEL_SEQ.NEXTVAL, 0, id, 22 FROM EUMOWY.SIGNATURE where name = 'AP/UNTSZ/DCCZ/1.001/12-10-05';
INSERT INTO EUMOWY.SIGNATURE_PANEL(id, version, signature_id,  panel_id) SELECT EUMOWY.SIGNATURE_PANEL_SEQ.NEXTVAL, 0, id, 22 FROM EUMOWY.SIGNATURE where name = 'AP/UNTSZ/DCC/2.002/12-01-16';
INSERT INTO EUMOWY.SIGNATURE_PANEL(id, version, signature_id,  panel_id) SELECT EUMOWY.SIGNATURE_PANEL_SEQ.NEXTVAL, 0, id, 22 FROM EUMOWY.SIGNATURE where name = 'AP/UPZ/DCC/2.003/13-02-15';
INSERT INTO EUMOWY.SIGNATURE_PANEL(id, version, signature_id,  panel_id) SELECT EUMOWY.SIGNATURE_PANEL_SEQ.NEXTVAL, 0, id, 22 FROM EUMOWY.SIGNATURE where name = 'AP/UPZ/DCCZ/1.002/13-02-15';
--INSERT INTO EUMOWY.SIGNATURE_PANEL(id, version, signature_id,  panel_id) SELECT EUMOWY.SIGNATURE_PANEL_SEQ.NEXTVAL, 0, id, 23 FROM EUMOWY.SIGNATURE where name = 'AP-AG/F/DP/2.003/13-05-10';
--INSERT INTO EUMOWY.SIGNATURE_PANEL(id, version, signature_id,  panel_id) SELECT EUMOWY.SIGNATURE_PANEL_SEQ.NEXTVAL, 0, id, 25 FROM EUMOWY.SIGNATURE where name = 'AP-AG/F/DP/2.003/13-05-10';
INSERT INTO EUMOWY.SIGNATURE_PANEL(id, version, signature_id,  panel_id) SELECT EUMOWY.SIGNATURE_PANEL_SEQ.NEXTVAL, 0, id, 27 FROM EUMOWY.SIGNATURE where name = 'AP-AG/F/DF/2.003/12-02-06';
--INSERT INTO EUMOWY.SIGNATURE_PANEL(id, version, signature_id,  panel_id) SELECT EUMOWY.SIGNATURE_PANEL_SEQ.NEXTVAL, 0, id, 28 FROM EUMOWY.SIGNATURE where name = 'AP-AG/F/DP/2.003/13-05-10';
INSERT INTO EUMOWY.SIGNATURE_PANEL(id, version, signature_id,  panel_id) SELECT EUMOWY.SIGNATURE_PANEL_SEQ.NEXTVAL, 0, id, 29 FROM EUMOWY.SIGNATURE where name = 'AP-AG/F/DF/2.003/12-02-06';
INSERT INTO EUMOWY.SIGNATURE_PANEL(id, version, signature_id,  panel_id) SELECT EUMOWY.SIGNATURE_PANEL_SEQ.NEXTVAL, 0, id, 30 FROM EUMOWY.SIGNATURE where name = 'AP/UNTSZ/APOU/3.002/12-01-16';
INSERT INTO EUMOWY.SIGNATURE_PANEL(id, version, signature_id,  panel_id) SELECT EUMOWY.SIGNATURE_PANEL_SEQ.NEXTVAL, 0, id, 30 FROM EUMOWY.SIGNATURE where name = 'AP/UPZBS/AIKO/1.000/13-03-25';
INSERT INTO EUMOWY.SIGNATURE_PANEL(id, version, signature_id,  panel_id) SELECT EUMOWY.SIGNATURE_PANEL_SEQ.NEXTVAL, 0, id, 30 FROM EUMOWY.SIGNATURE where name = 'AP/UNTSZ/OKOD/2.003/12-01-16';
INSERT INTO EUMOWY.SIGNATURE_PANEL(id, version, signature_id,  panel_id) SELECT EUMOWY.SIGNATURE_PANEL_SEQ.NEXTVAL, 0, id, 30 FROM EUMOWY.SIGNATURE where name = 'AP/UPZ/IF/2.001/13-04-05';
INSERT INTO EUMOWY.SIGNATURE_PANEL(id, version, signature_id,  panel_id) SELECT EUMOWY.SIGNATURE_PANEL_SEQ.NEXTVAL, 0, id, 30 FROM EUMOWY.SIGNATURE where name = 'AP/UPZ/AWNZBS/1.000/13-01-25';
INSERT INTO EUMOWY.SIGNATURE_PANEL(id, version, signature_id,  panel_id) SELECT EUMOWY.SIGNATURE_PANEL_SEQ.NEXTVAL, 0, id, 30 FROM EUMOWY.SIGNATURE where name = 'AP/UPZ/AWNZS/1.000/13-01-25';
INSERT INTO EUMOWY.SIGNATURE_PANEL(id, version, signature_id,  panel_id) SELECT EUMOWY.SIGNATURE_PANEL_SEQ.NEXTVAL, 0, id, 30 FROM EUMOWY.SIGNATURE where name = 'AP-AG/F/DF/2.003/12-02-06';
INSERT INTO EUMOWY.SIGNATURE_PANEL(id, version, signature_id,  panel_id) SELECT EUMOWY.SIGNATURE_PANEL_SEQ.NEXTVAL, 0, id, 30 FROM EUMOWY.SIGNATURE where name = 'AP/UNTSS/1.003/12-01-16';
INSERT INTO EUMOWY.SIGNATURE_PANEL(id, version, signature_id,  panel_id) SELECT EUMOWY.SIGNATURE_PANEL_SEQ.NEXTVAL, 0, id, 30 FROM EUMOWY.SIGNATURE where name = 'AP/UNTZ/2.003/12-01-16';
INSERT INTO EUMOWY.SIGNATURE_PANEL(id, version, signature_id,  panel_id) SELECT EUMOWY.SIGNATURE_PANEL_SEQ.NEXTVAL, 0, id, 30 FROM EUMOWY.SIGNATURE where name = 'AP/UNTSZ/APOO/3.002/12-01-16';
INSERT INTO EUMOWY.SIGNATURE_PANEL(id, version, signature_id,  panel_id) SELECT EUMOWY.SIGNATURE_PANEL_SEQ.NEXTVAL, 0, id, 30 FROM EUMOWY.SIGNATURE where name = 'AP/UPZ/2.000/13-01-03';
INSERT INTO EUMOWY.SIGNATURE_PANEL(id, version, signature_id,  panel_id) SELECT EUMOWY.SIGNATURE_PANEL_SEQ.NEXTVAL, 0, id, 30 FROM EUMOWY.SIGNATURE where name = 'AP/UPZBS/2.000/13-01-25';
INSERT INTO EUMOWY.SIGNATURE_PANEL(id, version, signature_id,  panel_id) SELECT EUMOWY.SIGNATURE_PANEL_SEQ.NEXTVAL, 0, id, 30 FROM EUMOWY.SIGNATURE where name = 'AP/UPZIF/2.000/13-03-26';
INSERT INTO EUMOWY.SIGNATURE_PANEL(id, version, signature_id,  panel_id) SELECT EUMOWY.SIGNATURE_PANEL_SEQ.NEXTVAL, 0, id, 30 FROM EUMOWY.SIGNATURE where name = 'AT/USU/5.004/13-05-22';
INSERT INTO EUMOWY.SIGNATURE_PANEL(id, version, signature_id,  panel_id) SELECT EUMOWY.SIGNATURE_PANEL_SEQ.NEXTVAL, 0, id, 30 FROM EUMOWY.SIGNATURE where name = 'x8';
INSERT INTO EUMOWY.SIGNATURE_PANEL(id, version, signature_id,  panel_id) SELECT EUMOWY.SIGNATURE_PANEL_SEQ.NEXTVAL, 0, id, 30 FROM EUMOWY.SIGNATURE where name = 'x9';
INSERT INTO EUMOWY.SIGNATURE_PANEL(id, version, signature_id,  panel_id) SELECT EUMOWY.SIGNATURE_PANEL_SEQ.NEXTVAL, 0, id, 30 FROM EUMOWY.SIGNATURE where name = 'AP/UNTSZ/AWNZ/3.002/12-01-16';
INSERT INTO EUMOWY.SIGNATURE_PANEL(id, version, signature_id,  panel_id) SELECT EUMOWY.SIGNATURE_PANEL_SEQ.NEXTVAL, 0, id, 30 FROM EUMOWY.SIGNATURE where name = 'AP/UPZ2/ACB/1.000/13-02-15';
INSERT INTO EUMOWY.SIGNATURE_PANEL(id, version, signature_id,  panel_id) SELECT EUMOWY.SIGNATURE_PANEL_SEQ.NEXTVAL, 0, id, 30 FROM EUMOWY.SIGNATURE where name = 'AP/UPZ/ACB/2.003/13-02-15';
INSERT INTO EUMOWY.SIGNATURE_PANEL(id, version, signature_id,  panel_id) SELECT EUMOWY.SIGNATURE_PANEL_SEQ.NEXTVAL, 0, id, 30 FROM EUMOWY.SIGNATURE where name = 'AP/UNTSZ/DCCZ/1.001/12-10-05';
INSERT INTO EUMOWY.SIGNATURE_PANEL(id, version, signature_id,  panel_id) SELECT EUMOWY.SIGNATURE_PANEL_SEQ.NEXTVAL, 0, id, 30 FROM EUMOWY.SIGNATURE where name = 'AP/UNTSZ/DCC/2.002/12-01-16';
INSERT INTO EUMOWY.SIGNATURE_PANEL(id, version, signature_id,  panel_id) SELECT EUMOWY.SIGNATURE_PANEL_SEQ.NEXTVAL, 0, id, 30 FROM EUMOWY.SIGNATURE where name = 'AP/UPZ/DCC/2.003/13-02-15';
INSERT INTO EUMOWY.SIGNATURE_PANEL(id, version, signature_id,  panel_id) SELECT EUMOWY.SIGNATURE_PANEL_SEQ.NEXTVAL, 0, id, 30 FROM EUMOWY.SIGNATURE where name = 'AP/UPZ/DCCZ/1.002/13-02-15';
INSERT INTO EUMOWY.SIGNATURE_PANEL(id, version, signature_id,  panel_id) SELECT EUMOWY.SIGNATURE_PANEL_SEQ.NEXTVAL, 0, id, 35 FROM EUMOWY.SIGNATURE where name = 'AP/UNTW/AGON/1.002/12-01-16';
INSERT INTO EUMOWY.SIGNATURE_PANEL(id, version, signature_id,  panel_id) SELECT EUMOWY.SIGNATURE_PANEL_SEQ.NEXTVAL, 0, id, 36 FROM EUMOWY.SIGNATURE where name = 'AP/UNTW/AGOK/1.002/12-01-16';
INSERT INTO EUMOWY.SIGNATURE_PANEL(id, version, signature_id,  panel_id) SELECT EUMOWY.SIGNATURE_PANEL_SEQ.NEXTVAL, 0, id, 37 FROM EUMOWY.SIGNATURE where name = 'AP/UNTW/AGOP/1.002/12-01-16';
INSERT INTO EUMOWY.SIGNATURE_PANEL(id, version, signature_id,  panel_id) SELECT EUMOWY.SIGNATURE_PANEL_SEQ.NEXTVAL, 0, id, 38 FROM EUMOWY.SIGNATURE where name = '1';
INSERT INTO EUMOWY.SIGNATURE_PANEL(id, version, signature_id,  panel_id) SELECT EUMOWY.SIGNATURE_PANEL_SEQ.NEXTVAL, 0, id, 38 FROM EUMOWY.SIGNATURE where name = 'AP/UNTSZ/APOU/3.002/12-01-16';
INSERT INTO EUMOWY.SIGNATURE_PANEL(id, version, signature_id,  panel_id) SELECT EUMOWY.SIGNATURE_PANEL_SEQ.NEXTVAL, 0, id, 38 FROM EUMOWY.SIGNATURE where name = 'AP/UPZBS/AIKO/1.000/13-03-25';
INSERT INTO EUMOWY.SIGNATURE_PANEL(id, version, signature_id,  panel_id) SELECT EUMOWY.SIGNATURE_PANEL_SEQ.NEXTVAL, 0, id, 38 FROM EUMOWY.SIGNATURE where name = 'AP/UNTSZ/OKOD/2.003/12-01-16';
INSERT INTO EUMOWY.SIGNATURE_PANEL(id, version, signature_id,  panel_id) SELECT EUMOWY.SIGNATURE_PANEL_SEQ.NEXTVAL, 0, id, 38 FROM EUMOWY.SIGNATURE where name = 'AP/UPZ/IF/2.001/13-04-05';
INSERT INTO EUMOWY.SIGNATURE_PANEL(id, version, signature_id,  panel_id) SELECT EUMOWY.SIGNATURE_PANEL_SEQ.NEXTVAL, 0, id, 38 FROM EUMOWY.SIGNATURE where name = 'AP/UPZ/AWNZBS/1.000/13-01-25';
INSERT INTO EUMOWY.SIGNATURE_PANEL(id, version, signature_id,  panel_id) SELECT EUMOWY.SIGNATURE_PANEL_SEQ.NEXTVAL, 0, id, 38 FROM EUMOWY.SIGNATURE where name = 'AP/UPZ/AWNZS/1.000/13-01-25';
INSERT INTO EUMOWY.SIGNATURE_PANEL(id, version, signature_id,  panel_id) SELECT EUMOWY.SIGNATURE_PANEL_SEQ.NEXTVAL, 0, id, 38 FROM EUMOWY.SIGNATURE where name = 'AP-AG/F/DF/2.003/12-02-06';
INSERT INTO EUMOWY.SIGNATURE_PANEL(id, version, signature_id,  panel_id) SELECT EUMOWY.SIGNATURE_PANEL_SEQ.NEXTVAL, 0, id, 38 FROM EUMOWY.SIGNATURE where name = 'AP/UNTSS/1.003/12-01-16';
INSERT INTO EUMOWY.SIGNATURE_PANEL(id, version, signature_id,  panel_id) SELECT EUMOWY.SIGNATURE_PANEL_SEQ.NEXTVAL, 0, id, 38 FROM EUMOWY.SIGNATURE where name = 'AP/UNTZ/2.003/12-01-16';
INSERT INTO EUMOWY.SIGNATURE_PANEL(id, version, signature_id,  panel_id) SELECT EUMOWY.SIGNATURE_PANEL_SEQ.NEXTVAL, 0, id, 38 FROM EUMOWY.SIGNATURE where name = 'AP/UNTSZ/APOO/3.002/12-01-16';
INSERT INTO EUMOWY.SIGNATURE_PANEL(id, version, signature_id,  panel_id) SELECT EUMOWY.SIGNATURE_PANEL_SEQ.NEXTVAL, 0, id, 38 FROM EUMOWY.SIGNATURE where name = 'AP/UPZ/2.000/13-01-03';
INSERT INTO EUMOWY.SIGNATURE_PANEL(id, version, signature_id,  panel_id) SELECT EUMOWY.SIGNATURE_PANEL_SEQ.NEXTVAL, 0, id, 38 FROM EUMOWY.SIGNATURE where name = 'AP/UPZBS/2.000/13-01-25';
INSERT INTO EUMOWY.SIGNATURE_PANEL(id, version, signature_id,  panel_id) SELECT EUMOWY.SIGNATURE_PANEL_SEQ.NEXTVAL, 0, id, 38 FROM EUMOWY.SIGNATURE where name = 'AP/UPZIF/2.000/13-03-26';
INSERT INTO EUMOWY.SIGNATURE_PANEL(id, version, signature_id,  panel_id) SELECT EUMOWY.SIGNATURE_PANEL_SEQ.NEXTVAL, 0, id, 38 FROM EUMOWY.SIGNATURE where name = 'AT/USU/5.004/13-05-22';
INSERT INTO EUMOWY.SIGNATURE_PANEL(id, version, signature_id,  panel_id) SELECT EUMOWY.SIGNATURE_PANEL_SEQ.NEXTVAL, 0, id, 38 FROM EUMOWY.SIGNATURE where name = 'x8';
INSERT INTO EUMOWY.SIGNATURE_PANEL(id, version, signature_id,  panel_id) SELECT EUMOWY.SIGNATURE_PANEL_SEQ.NEXTVAL, 0, id, 38 FROM EUMOWY.SIGNATURE where name = 'x9';
INSERT INTO EUMOWY.SIGNATURE_PANEL(id, version, signature_id,  panel_id) SELECT EUMOWY.SIGNATURE_PANEL_SEQ.NEXTVAL, 0, id, 38 FROM EUMOWY.SIGNATURE where name = 'AP/UNTSZ/AWNZ/3.002/12-01-16';
INSERT INTO EUMOWY.SIGNATURE_PANEL(id, version, signature_id,  panel_id) SELECT EUMOWY.SIGNATURE_PANEL_SEQ.NEXTVAL, 0, id, 38 FROM EUMOWY.SIGNATURE where name = 'AP/UPZ2/ACB/1.000/13-02-15';
INSERT INTO EUMOWY.SIGNATURE_PANEL(id, version, signature_id,  panel_id) SELECT EUMOWY.SIGNATURE_PANEL_SEQ.NEXTVAL, 0, id, 38 FROM EUMOWY.SIGNATURE where name = 'AP/UPZ/ACB/2.003/13-02-15';
INSERT INTO EUMOWY.SIGNATURE_PANEL(id, version, signature_id,  panel_id) SELECT EUMOWY.SIGNATURE_PANEL_SEQ.NEXTVAL, 0, id, 38 FROM EUMOWY.SIGNATURE where name = 'AP/UNTSZ/DCCZ/1.001/12-10-05';
INSERT INTO EUMOWY.SIGNATURE_PANEL(id, version, signature_id,  panel_id) SELECT EUMOWY.SIGNATURE_PANEL_SEQ.NEXTVAL, 0, id, 38 FROM EUMOWY.SIGNATURE where name = 'AP/UNTSZ/DCC/2.002/12-01-16';
INSERT INTO EUMOWY.SIGNATURE_PANEL(id, version, signature_id,  panel_id) SELECT EUMOWY.SIGNATURE_PANEL_SEQ.NEXTVAL, 0, id, 38 FROM EUMOWY.SIGNATURE where name = 'AP/UPZ/DCC/2.003/13-02-15';
INSERT INTO EUMOWY.SIGNATURE_PANEL(id, version, signature_id,  panel_id) SELECT EUMOWY.SIGNATURE_PANEL_SEQ.NEXTVAL, 0, id, 38 FROM EUMOWY.SIGNATURE where name = 'AP/UPZ/DCCZ/1.002/13-02-15';
INSERT INTO EUMOWY.SIGNATURE_PANEL(id, version, signature_id,  panel_id) SELECT EUMOWY.SIGNATURE_PANEL_SEQ.NEXTVAL, 0, id, 39 FROM EUMOWY.SIGNATURE where name = 'M';
INSERT INTO EUMOWY.SIGNATURE_PANEL(id, version, signature_id,  panel_id) SELECT EUMOWY.SIGNATURE_PANEL_SEQ.NEXTVAL, 0, id, 40 FROM EUMOWY.SIGNATURE where name = 'M';
INSERT INTO EUMOWY.SIGNATURE_PANEL(id, version, signature_id,  panel_id) SELECT EUMOWY.SIGNATURE_PANEL_SEQ.NEXTVAL, 0, id, 41 FROM EUMOWY.SIGNATURE where name = 'WD';
INSERT INTO EUMOWY.SIGNATURE_PANEL(id, version, signature_id,  panel_id) SELECT EUMOWY.SIGNATURE_PANEL_SEQ.NEXTVAL, 0, id, 44 FROM EUMOWY.SIGNATURE where name = 'AP-AG/F/DP/2.003/13-05-10';
INSERT INTO EUMOWY.SIGNATURE_PANEL(id, version, signature_id,  panel_id) SELECT EUMOWY.SIGNATURE_PANEL_SEQ.NEXTVAL, 0, id, 45 FROM EUMOWY.SIGNATURE where name = '2 ';
INSERT INTO EUMOWY.SIGNATURE_PANEL(id, version, signature_id,  panel_id) SELECT EUMOWY.SIGNATURE_PANEL_SEQ.NEXTVAL, 0, id, 45 FROM EUMOWY.SIGNATURE where name = 'AP/UNTSS/1.003/12-01-16';
INSERT INTO EUMOWY.SIGNATURE_PANEL(id, version, signature_id,  panel_id) SELECT EUMOWY.SIGNATURE_PANEL_SEQ.NEXTVAL, 0, id, 45 FROM EUMOWY.SIGNATURE where name = 'AP/UNTZ/2.003/12-01-16';
INSERT INTO EUMOWY.SIGNATURE_PANEL(id, version, signature_id,  panel_id) SELECT EUMOWY.SIGNATURE_PANEL_SEQ.NEXTVAL, 0, id, 45 FROM EUMOWY.SIGNATURE where name = 'x8';
INSERT INTO EUMOWY.SIGNATURE_PANEL(id, version, signature_id,  panel_id) SELECT EUMOWY.SIGNATURE_PANEL_SEQ.NEXTVAL, 0, id, 45 FROM EUMOWY.SIGNATURE where name = 'x9';
INSERT INTO EUMOWY.SIGNATURE_PANEL(id, version, signature_id,  panel_id) SELECT EUMOWY.SIGNATURE_PANEL_SEQ.NEXTVAL, 0, id, 46 FROM EUMOWY.SIGNATURE where name = 'AP/UNTSZ/APOU/3.002/12-01-16';
INSERT INTO EUMOWY.SIGNATURE_PANEL(id, version, signature_id,  panel_id) SELECT EUMOWY.SIGNATURE_PANEL_SEQ.NEXTVAL, 0, id, 46 FROM EUMOWY.SIGNATURE where name = 'AP/UNTSS/1.003/12-01-16';
INSERT INTO EUMOWY.SIGNATURE_PANEL(id, version, signature_id,  panel_id) SELECT EUMOWY.SIGNATURE_PANEL_SEQ.NEXTVAL, 0, id, 46 FROM EUMOWY.SIGNATURE where name = 'AP/UNTZ/2.003/12-01-16';
INSERT INTO EUMOWY.SIGNATURE_PANEL(id, version, signature_id,  panel_id) SELECT EUMOWY.SIGNATURE_PANEL_SEQ.NEXTVAL, 0, id, 46 FROM EUMOWY.SIGNATURE where name = 'x8';
INSERT INTO EUMOWY.SIGNATURE_PANEL(id, version, signature_id,  panel_id) SELECT EUMOWY.SIGNATURE_PANEL_SEQ.NEXTVAL, 0, id, 46 FROM EUMOWY.SIGNATURE where name = 'x9';
