insert into EUMOWY.activity (id, version, code, numer_pozycji) values (1,0,'nowaUmowa',1);
insert into EUMOWY.activity (id, version, code, numer_pozycji) values (2,0,'dodatkowyPunkt',2);
insert into EUMOWY.activity (id, version, code, numer_pozycji) values (3,0,'dodatkowyPos',3);
insert into EUMOWY.activity (id, version, code, numer_pozycji) values (4,0,'zmianaProwizji',4);
insert into EUMOWY.activity (id, version, code, numer_pozycji) values (5,0,'dodanieAneksuKosztyPlus',5);
insert into EUMOWY.activity (id, version, code, numer_pozycji) values (6,0,'wymianaUmowyNajmu',6);
insert into EUMOWY.activity (id, version, code, numer_pozycji) values (7,0,'aneks',7);
insert into EUMOWY.activity (id, version, code, numer_pozycji) values (8,0,'zmianaTabeliOplatDodatkowych',8);
insert into EUMOWY.activity (id, version, code, numer_pozycji) values (9,0,'zmianaWarunkowPrepaid',9);
insert into EUMOWY.activity (id, version, code, numer_pozycji) values (10,0,'zmianaOkresuLojalnosciowego',10);
insert into EUMOWY.activity (id, version, code, numer_pozycji) values (11,0,'promocyjneObnizenieNajmu',11);
insert into EUMOWY.activity (id, version, code, numer_pozycji) values (12,0,'dodaniePrepaid',12);
insert into EUMOWY.activity (id, version, code, numer_pozycji) values (13,0,'dodanieDcc',13);
insert into EUMOWY.activity (id, version, code, numer_pozycji) values (14,0,'dodanieCashBack',14);
insert into EUMOWY.activity (id, version, code, numer_pozycji) values (15,0,'dodanieIko',15);
insert into EUMOWY.activity (id, version, code, numer_pozycji) values (16,0,'zmianaWarunkowDcc',16);
insert into EUMOWY.activity (id, version, code, numer_pozycji) values (17,0,'ekonomiczny',17);
insert into EUMOWY.activity (id, version, code, numer_pozycji) values (18,0,'komfort',18);
insert into EUMOWY.activity (id, version, code, numer_pozycji) values (19,0,'prestiz',19);
insert into EUMOWY.activity (id, version, code, numer_pozycji) values (20,0,'poprawDane',20);
insert into EUMOWY.activity (id, version, code, numer_pozycji) values (21,0,'odrzucDokumenty',21);
insert into EUMOWY.activity (id, version, code, numer_pozycji) values (22,0,'uzupelnijPodpisy',22);

--insert into EUMOWY.PANEL (id, version, name, order_no) values (1, 0, 'adresacjaSeciowa','230');
--insert into EUMOWY.PANEL (id, version, name, order_no) values (2, 0, 'adresDoKorespondencjiPunktu','150');
insert into EUMOWY.PANEL (id, version, name, order_no) values (3, 0, 'adresDoKorespondencjizAkecptantem','70');
insert into EUMOWY.PANEL (id, version, name, order_no) values (4, 0, 'aneksDoUmowyNajmuZestawuPos','40');
insert into EUMOWY.PANEL (id, version, name, order_no) values (5, 0, 'aneksDoUmowyPrepaid','440');
insert into EUMOWY.PANEL (id, version, name, order_no) values (6, 0, 'czasObowiazywaniaUmowy','320');
insert into EUMOWY.PANEL (id, version, name, order_no) values (7, 0, 'daneAkceptanta','50');
--insert into EUMOWY.PANEL (id, version, name, order_no) values (8, 0, 'daneDoWydruku','140');
insert into EUMOWY.PANEL (id, version, name, order_no) values (9, 0, 'danePunktu','130');
insert into EUMOWY.PANEL (id, version, name, order_no) values (10, 0, 'dcc','380');
insert into EUMOWY.PANEL (id, version, name, order_no) values (11, 0, 'dccZakresUruchomienia','370');
insert into EUMOWY.PANEL (id, version, name, order_no) values (12, 0, 'deklaracjeAkceptanta','310');
insert into EUMOWY.PANEL (id, version, name, order_no) values (13, 0, 'dodajPunkt','240');
insert into EUMOWY.PANEL (id, version, name, order_no) values (14, 0, 'dodatkoweUslugi','280');
insert into EUMOWY.PANEL (id, version, name, order_no) values (15, 0, 'dodatkoweUslugi2','250');
insert into EUMOWY.PANEL (id, version, name, order_no) values (16, 0, 'dodatkoweUslugiMud','290');
insert into EUMOWY.PANEL (id, version, name, order_no) values (17, 0, 'dodatkoweUslugiUTAIntegracja','300');
--insert into EUMOWY.PANEL (id, version, name, order_no) values (18, 0, 'dodatkoweWyposazenie','220');
--insert into EUMOWY.PANEL (id, version, name, order_no) values (19, 0, 'formaDoladowania','450');
--insert into EUMOWY.PANEL (id, version, name, order_no) values (20, 0, 'funkcjeTerminala','190');
insert into EUMOWY.PANEL (id, version, name, order_no) values (21, 0, 'ifplus','340');
insert into EUMOWY.PANEL (id, version, name, order_no) values (22, 0, 'informacjeDodatkowe','90');
--insert into EUMOWY.PANEL (id, version, name, order_no) values (23, 0, 'informacjeTechniczne','180');
insert into EUMOWY.PANEL (id, version, name, order_no) values (24, 0, 'okresLojalnosciowy','270');
--insert into EUMOWY.PANEL (id, version, name, order_no) values (25, 0, 'opieka','120');
insert into EUMOWY.PANEL (id, version, name, order_no) values (26, 0, 'oplatyDCC','350');
insert into EUMOWY.PANEL (id, version, name, order_no) values (27, 0, 'osobaDoKontaktu','100');
--insert into EUMOWY.PANEL (id, version, name, order_no) values (28, 0, 'osobaDoKontaktuWPunkcie','160');
insert into EUMOWY.PANEL (id, version, name, order_no) values (29, 0, 'osobaKtoraPozyskalaAkceptanta','20');
insert into EUMOWY.PANEL (id, version, name, order_no) values (30, 0, 'osobaUprawnionaDoPodpisaniaUmowy','80');
insert into EUMOWY.PANEL (id, version, name, order_no) values (31, 0, 'poziomOplatiWarunkiPlatnosciKarty','330');
insert into EUMOWY.PANEL (id, version, name, order_no) values (32, 0, 'formaDoladowaniaOrazWartosciUpustow','460');
insert into EUMOWY.PANEL (id, version, name, order_no) values (33, 0, 'promocyjneObnizenieOplatyZaZestawPos','480');
insert into EUMOWY.PANEL (id, version, name, order_no) values (34, 0, 'scoring','110');
insert into EUMOWY.PANEL (id, version, name, order_no) values (35, 0, 'serwisEkonomiczny','400');
insert into EUMOWY.PANEL (id, version, name, order_no) values (36, 0, 'serwisKomfort','410');
insert into EUMOWY.PANEL (id, version, name, order_no) values (37, 0, 'serwisPrzestiz','420');
insert into EUMOWY.PANEL (id, version, name, order_no) values (38, 0, 'siedzibaAkceptanta','60');
--panel do usuniecia, ale inserty zostawie
--insert into EUMOWY.PANEL (id, version, name, order_no) values (39, 0, 'umowa2','30');
--insert into EUMOWY.PANEL (id, version, name, order_no) values (40, 0, 'uwagi','490');
--insert into EUMOWY.PANEL (id, version, name, order_no) values (41, 0, 'wyborDzialania','10');
insert into EUMOWY.PANEL (id, version, name, order_no) values (42, 0, 'wykazPunktowAkceptujacychKartyPlatnicze','390');
--insert into EUMOWY.PANEL (id, version, name, order_no) values (43, 0, 'zestawPos','170');
insert into EUMOWY.PANEL (id, version, name, order_no) values (44, 0, 'zestawPosOdplatneUzywanie','200');
insert into EUMOWY.PANEL (id, version, name, order_no) values (46, 0, 'serwis','260');
insert into EUMOWY.PANEL (id, version, name, order_no) values (47, 0, 'rachunekBankowyKlienta','470');
insert into EUMOWY.PANEL (id, version, name, order_no) values (48, 0, 'oplataDCCZaUruchomienie','360');
--insert into EUMOWY.PANEL (id, version, name, order_no) values (49, 0, 'liczbaMiesiecyZwolnieniaZNajmu','430');
insert into EUMOWY.PANEL (id, version, name, order_no) values (50, 0, 'danePos', '140');
insert into EUMOWY.PANEL (id, version, name, order_no) values (51, 0, 'dodajPos', '220');

insert into EUMOWY.SIGNATURE (id, version, active, name, signature_order, template_path, for_point, description) values (1, 0,1,'AP-AG/F/DF/2.003/12-02-06', 1, 'Formularz aplikacyjny_po_zmianach_18.01.2012.pdf', 0, 'FA - Formularz Akceptanta');
insert into EUMOWY.SIGNATURE (id, version, active, name, signature_order, template_path, for_point, description) values (2, 0,1,'AP-AG/F/DP/2.003/13-05-10', 3, 'Formularz danych punktu_zmiany_15.05.2013_edited.pdf', 1, 'FP - Formularz Danych Punktu');
insert into EUMOWY.SIGNATURE (id, version, active, name, signature_order, template_path, for_point, description) values (3, 0,1,'AP/F/DS/2.000/09-04-22', 2, 'Formularz Scoringowy (oryginal).pdf', 0, 'Formularz Scoringowy');
insert into EUMOWY.SIGNATURE (id, version, active, name, signature_order, template_path, for_point, description) values (4, 0,1,'AP/UNTZ/2.003/12-01-16', 7, 'APUNTZ2.00312-01-16.pdf', 0, 'UMOWA Najmu Zestawu POS - STANDARDOWA wersja ze zmiennymi opłatami dodatkowymi');
insert into EUMOWY.SIGNATURE (id, version, active, name, signature_order, template_path, for_point, description) values (5, 0,1,'AP/UPZBS/2.001/13-08-06', 5, 'APUPZBS2.00113-08-06 - Umowa o przyjmowanie zaplaty (wersja bez stawek plaskich)_do druku.pdf', 0, 'UMOWA o Przyjmowanie Zapłaty STANDARDOWA (prowizja+stawka płaska)');
insert into EUMOWY.SIGNATURE (id, version, active, name, signature_order, template_path, for_point, description) values (6, 0,0,'AP/UPZ/2.000/13-01-03', 4, 'APUPZ2.00013-01-03 - Umowa o przyjmowanie zaplaty v. 2.000_z faksymile.pdf', 0, '');
insert into EUMOWY.SIGNATURE (id, version, active, name, signature_order, template_path, for_point, description) values (7, 0,1,'AP/UPZIF/2.001/13-08-06', 6, 'APUPZIF2.00113-08-06 - Umowa o przyjmowanie zapłaty IF+_2013.pdf', 0, 'UMOWA o Przyjmowanie Zapłaty model KOSZTY +');
insert into EUMOWY.SIGNATURE (id, version, active, name, signature_order, template_path, for_point, description) values (8, 0,1,'AP/UNTSA/1.003/12-01-16', 8, 'APUNTSA1.00312-01-16.pdf', 0, 'UMOWA Najmu Zestawu POS - STANDARDOWA wersja ze stałymi opłatami dodatkowymi - egzemplarz dla eService');
insert into EUMOWY.SIGNATURE (id, version, active, name, signature_order, template_path, for_point, description) values (9, 0,1,'AP/UNTSZ/APOU/3.002/12-01-16', 21, 'APUNTSZAPOU3.00212-01-16.pdf', 0, 'ANEKS do UN - rozszerzenia współpracy o nowe Zestawy POS i/lub wprowadzenia nowych usług');
insert into EUMOWY.SIGNATURE (id, version, active, name, signature_order, template_path, for_point, description) values (10, 0,1,'AP/UPZ/AWNZBS/1.001/13-08-06', 15, 'APUPZAWNZBS1.00113-08-06 - Aneks do umowy o przyjm zapl (bez stawek plaskich).pdf', 0, 'ANEKS do UPZ - rozszerzenie współpracy i/lub zmiana prowizji (zał nr 2 i/lub zał nr 3)');
insert into EUMOWY.SIGNATURE (id, version, active, name, signature_order, template_path, for_point, description) values (11, 0,0,'AP/UPZ/AWNZS/1.000/13-01-25', 16, 'APUPZAWNZS1.00013-01-25 - Aneks do umowy o przyjm zapl (narzucone stawki plaskie).pdf', 0, '');
insert into EUMOWY.SIGNATURE (id, version, active, name, signature_order, template_path, for_point, description) values (12, 0,1,'AP/UPZ/IF/2.002/13-08-06', 10, 'APUPZIF2.00213-08-06_Aneks na IF+ i IKO.pdf', 0, 'ANEKS do UPZ - wprowadzenie modelu KOSZTY +');
insert into EUMOWY.SIGNATURE (id, version, active, name, signature_order, template_path, for_point, description) values (13, 0,1,'AP/UNTSZ/AWNZ/3.002/12-01-16', 20, 'APUNTSZAWNZ3.00212-01-16.pdf', 0, 'Zmiana Tabeli Opłat dodatkowych - Aneks do UN');
insert into EUMOWY.SIGNATURE (id, version, active, name, signature_order, template_path, for_point, description) values (14, 0,1,'AT/USU/FDU/4.004/13-05-22', 25, 'ATUSUFDU4.004.130522.pdf',  0, 'ANEKS do Umowy PrePaid - zmiana warunków handlowych usługi');
insert into EUMOWY.SIGNATURE (id, version, active, name, signature_order, template_path, for_point, description) values (15, 0,1,'AT/USU/5.004/13-05-22', 9, 'ATUSU5.00413-05-22.pdf',  0, 'UMOWA PrePaid - Umowa o współpracy w zakresie sprzedaży i dystrybucji elektronicznych doładowań telePOMPKA i teleKODZIK');
insert into EUMOWY.SIGNATURE (id, version, active, name, signature_order, template_path, for_point, description) values (16, 0,1,'AP/UNTSZ/OKOD/2.003/12-01-16', 22, 'APUNTSZOKOD2.00312-01-16.pdf', 0, 'Zmiana okresu lojalnościowego - Aneks do UN');
insert into EUMOWY.SIGNATURE (id, version, active, name, signature_order, template_path, for_point, description) values (17, 0,1,'AP/UNTSZ/APOO/3.002/12-01-16', 19, 'APUNTSZAPOO3.00212-01-16.pdf', 0, 'Promocyjna obniżka ceny najmu Zestawu POS - Aneks do UN');
insert into EUMOWY.SIGNATURE (id, version, active, name, signature_order, template_path, for_point, description) values (18, 0,1,'AP/UNTSZ/DCCZ/1.001/12-10-05', 23, 'APUNTSZDCCZ1 00112-10-05_Aneks do UN_DCC zmiana warunkow.pdf', 0, 'DCC - zmiana warunków usługi - Aneks do UN');
insert into EUMOWY.SIGNATURE (id, version, active, name, signature_order, template_path, for_point, description) values (19, 0,1,'AP/UPZ/DCCZ/1.002/13-02-15', 18, 'APUPZDCCZ1.00213-02-15 - Aneks do Umowy o przyjm zapl. (zm. war. DCC).pdf', 0, 'DCC - zmiana warunków usługi - Aneks do UPZ podpisanej przed 1 stycznia 2013r.');
insert into EUMOWY.SIGNATURE (id, version, active, name, signature_order, template_path, for_point, description) values (20, 0,1,'AP/UPZ2/DCC/1.000/13-02-15', 12, 'APUPZ2DCC1.00013-02-15 - Aneks do Umowy o przyjm po 2013 r (wprow DCC).pdf', 0, 'DCC - Aneks wprowadzający usługę do UPZ podpisanej po 1 stycznia 2013 r.');
insert into EUMOWY.SIGNATURE (id, version, active, name, signature_order, template_path, for_point, description) values (21, 0,1,'AP/UPZ/DCC/2.003/13-02-15', 17, 'APUPZDCC2.00313-02-15 - Aneks do Umowy o przyjm zapl (wprow DCC).pdf', 0, 'DCC - wprowadzenie usługi - Aneks do UPZ podpisanej przed 1 stycznia 2013r.');
insert into EUMOWY.SIGNATURE (id, version, active, name, signature_order, template_path, for_point, description) values (22, 0,1,'AP/UNTSZ/DCC/2.002/12-01-16', 24, 'APUNTSZDCC2.00212-01-16.pdf', 0, 'DCC - wprowadzenie usługi -  Aneks do UN');
insert into EUMOWY.SIGNATURE (id, version, active, name, signature_order, template_path, for_point, description) values (23, 0,1,'AP/UPZ2/ACB/1.000/13-02-15', 11, 'APUPZ2ACB1.00013-02-15 - Aneks do Umowy o przyjm po 2013 r (wprow Cashback).pdf', 0, 'CASHBACK - Aneks wprowadzający usługę do UPZ podpisanej po 1 stycznia 2013 r.');
insert into EUMOWY.SIGNATURE (id, version, active, name, signature_order, template_path, for_point, description) values (24, 0,1,'AP/UPZ/ACB/2.003/13-02-15', 14, 'APUPZACB2.00313-02-15 - Aneks do Umowy o przyjm zapl (dod Cashback).pdf', 0, 'CASHBACK - Aneks wprowadajacy usługę do UPZ podpisanej przed 1 stycznia 2013r.');
insert into EUMOWY.SIGNATURE (id, version, active, name, signature_order, template_path, for_point, description) values (25, 0,1,'AP/UPZBS/AIKO/1.000/13-03-25', 13, 'APUPZBSAIKO1.00013-03-25 - Aneks IKO.pdf', 0, 'IKO - Aneks wprowadzajacy usługę do UPZ');
insert into EUMOWY.SIGNATURE (id, version, active, name, signature_order, template_path, for_point, description) values (26, 0,1,'AP/UNTW/AGON/1.002/12-01-16', 28, 'APUNTWAGON1.00212-01-16.pdf', 0, 'Pakiet EKONOMICZNY - Aneks do UN dotyczący wprowadzenia usługi gwarantowanego czasu obsługi serwisowej w modelu przewidującym 24 godziny na usunięcie awarii w trybie telefonicznym i do 48 godzin za wizytę Serwisanta');
insert into EUMOWY.SIGNATURE (id, version, active, name, signature_order, template_path, for_point, description) values (27, 0,1,'AP/UNTW/ANOD/1.003/12-01-16', 29, 'APUNTWANOD1.00312-01-16_Aneks do UN_zmiana Tabeli Oplat.pdf', 0, 'Opłaty jednorazowe za uslugi serwisowe - Aneks do UN (rozszerzenie Tabeli Opłat)');
insert into EUMOWY.SIGNATURE (id, version, active, name, signature_order, template_path, for_point, description) values (28, 0,1,'AP/UNTW/AGOK/1.002/12-01-16', 27, 'APUNTWAGOK1.00212-01-16.pdf', 0, 'Pakiet KOMFORT - Aneks do UN dotyczący wprowadzenia usługi gwarantowanego czasu obsługi serwisowej w modelu przewidującym 6 godzin na usunięcie awarii w trybie telefonicznym i do 24 godzin za wizytę Serwisanta');
insert into EUMOWY.SIGNATURE (id, version, active, name, signature_order, template_path, for_point, description) values (29, 0,1,'AP/UNTW/AGOP/1.002/12-01-16', 26, 'APUNTWAGOP1.00212-01-16.pdf', 0, 'Pakiet PRESTIŻ - Aneks do UN dotyczący wprowadzenia usługi gwarantowanego czasu obsługi serwisowej w modelu przewidującym 2 godziny na usunięcie awarii w trybie telefonicznym i do 6 godzin za wizytę Serwisanta');
insert into EUMOWY.SIGNATURE (id, version, active, name, signature_order, template_path, for_point, description) values (30, 0,1,'virtualPos', 3, 'Formularz danych punktu_zmiany_15.05.2013_edited.pdf', 1, 'FP - Formularz Danych Punktu');

insert into EUMOWY.ACTIVITY_SIGNATURES (ID,VERSION,ACTIVITY_ID,MANDATORY,NUMBER_OF_LIST,SIGNATURE_ID) values ('1','0','1','0','1','8');
insert into EUMOWY.ACTIVITY_SIGNATURES (ID,VERSION,ACTIVITY_ID,MANDATORY,NUMBER_OF_LIST,SIGNATURE_ID) values ('2','0','1','1','0','1');
insert into EUMOWY.ACTIVITY_SIGNATURES (ID,VERSION,ACTIVITY_ID,MANDATORY,NUMBER_OF_LIST,SIGNATURE_ID) values ('3','0','1','1','0','2');
insert into EUMOWY.ACTIVITY_SIGNATURES (ID,VERSION,ACTIVITY_ID,MANDATORY,NUMBER_OF_LIST,SIGNATURE_ID) values ('4','0','1','1','0','3');
insert into EUMOWY.ACTIVITY_SIGNATURES (ID,VERSION,ACTIVITY_ID,MANDATORY,NUMBER_OF_LIST,SIGNATURE_ID) values ('5','0','1','0','1','4');
insert into EUMOWY.ACTIVITY_SIGNATURES (ID,VERSION,ACTIVITY_ID,MANDATORY,NUMBER_OF_LIST,SIGNATURE_ID) values ('6','0','1','0','2','5');
insert into EUMOWY.ACTIVITY_SIGNATURES (ID,VERSION,ACTIVITY_ID,MANDATORY,NUMBER_OF_LIST,SIGNATURE_ID) values ('7','0','1','0','2','6');
insert into EUMOWY.ACTIVITY_SIGNATURES (ID,VERSION,ACTIVITY_ID,MANDATORY,NUMBER_OF_LIST,SIGNATURE_ID) values ('8','0','1','0','2','7');
insert into EUMOWY.ACTIVITY_SIGNATURES (ID,VERSION,ACTIVITY_ID,MANDATORY,NUMBER_OF_LIST,SIGNATURE_ID) values ('9','0','2','1','0','2');
insert into EUMOWY.ACTIVITY_SIGNATURES (ID,VERSION,ACTIVITY_ID,MANDATORY,NUMBER_OF_LIST,SIGNATURE_ID) values ('10','0','2','0','1','8');
insert into EUMOWY.ACTIVITY_SIGNATURES (ID,VERSION,ACTIVITY_ID,MANDATORY,NUMBER_OF_LIST,SIGNATURE_ID) values ('11','0','2','0','1','4');
insert into EUMOWY.ACTIVITY_SIGNATURES (ID,VERSION,ACTIVITY_ID,MANDATORY,NUMBER_OF_LIST,SIGNATURE_ID) values ('12','0','2','0','1','9');
insert into EUMOWY.ACTIVITY_SIGNATURES (ID,VERSION,ACTIVITY_ID,MANDATORY,NUMBER_OF_LIST,SIGNATURE_ID) values ('13','0','2','0','2','10');
insert into EUMOWY.ACTIVITY_SIGNATURES (ID,VERSION,ACTIVITY_ID,MANDATORY,NUMBER_OF_LIST,SIGNATURE_ID) values ('14','0','2','0','2','11');
insert into EUMOWY.ACTIVITY_SIGNATURES (ID,VERSION,ACTIVITY_ID,MANDATORY,NUMBER_OF_LIST,SIGNATURE_ID) values ('50','0','3','1','0','30');
insert into EUMOWY.ACTIVITY_SIGNATURES (ID,VERSION,ACTIVITY_ID,MANDATORY,NUMBER_OF_LIST,SIGNATURE_ID) values ('17','0','3','0','1','9');
insert into EUMOWY.ACTIVITY_SIGNATURES (ID,VERSION,ACTIVITY_ID,MANDATORY,NUMBER_OF_LIST,SIGNATURE_ID) values ('20','0','4','0','1','10');
insert into EUMOWY.ACTIVITY_SIGNATURES (ID,VERSION,ACTIVITY_ID,MANDATORY,NUMBER_OF_LIST,SIGNATURE_ID) values ('21','0','4','0','1','11');
insert into EUMOWY.ACTIVITY_SIGNATURES (ID,VERSION,ACTIVITY_ID,MANDATORY,NUMBER_OF_LIST,SIGNATURE_ID) values ('22','0','5','0','1','12');
insert into EUMOWY.ACTIVITY_SIGNATURES (ID,VERSION,ACTIVITY_ID,MANDATORY,NUMBER_OF_LIST,SIGNATURE_ID) values ('23','0','6','0','1','8');
insert into EUMOWY.ACTIVITY_SIGNATURES (ID,VERSION,ACTIVITY_ID,MANDATORY,NUMBER_OF_LIST,SIGNATURE_ID) values ('24','0','6','0','1','4');
insert into EUMOWY.ACTIVITY_SIGNATURES (ID,VERSION,ACTIVITY_ID,MANDATORY,NUMBER_OF_LIST,SIGNATURE_ID) values ('25','0','7','0','1','9');
insert into EUMOWY.ACTIVITY_SIGNATURES (ID,VERSION,ACTIVITY_ID,MANDATORY,NUMBER_OF_LIST,SIGNATURE_ID) values ('26','0','8','0','1','13');
insert into EUMOWY.ACTIVITY_SIGNATURES (ID,VERSION,ACTIVITY_ID,MANDATORY,NUMBER_OF_LIST,SIGNATURE_ID) values ('27','0','9','0','1','14');
insert into EUMOWY.ACTIVITY_SIGNATURES (ID,VERSION,ACTIVITY_ID,MANDATORY,NUMBER_OF_LIST,SIGNATURE_ID) values ('28','0','9','0','1','15');
insert into EUMOWY.ACTIVITY_SIGNATURES (ID,VERSION,ACTIVITY_ID,MANDATORY,NUMBER_OF_LIST,SIGNATURE_ID) values ('29','0','10','0','1','16');
insert into EUMOWY.ACTIVITY_SIGNATURES (ID,VERSION,ACTIVITY_ID,MANDATORY,NUMBER_OF_LIST,SIGNATURE_ID) values ('30','0','11','0','1','17');
insert into EUMOWY.ACTIVITY_SIGNATURES (ID,VERSION,ACTIVITY_ID,MANDATORY,NUMBER_OF_LIST,SIGNATURE_ID) values ('31','0','16','0','1','18');
insert into EUMOWY.ACTIVITY_SIGNATURES (ID,VERSION,ACTIVITY_ID,MANDATORY,NUMBER_OF_LIST,SIGNATURE_ID) values ('32','0','16','0','2','19');
insert into EUMOWY.ACTIVITY_SIGNATURES (ID,VERSION,ACTIVITY_ID,MANDATORY,NUMBER_OF_LIST,SIGNATURE_ID) values ('33','0','12','0','1','15');
insert into EUMOWY.ACTIVITY_SIGNATURES (ID,VERSION,ACTIVITY_ID,MANDATORY,NUMBER_OF_LIST,SIGNATURE_ID) values ('49','0','12','0','1','14');
insert into EUMOWY.ACTIVITY_SIGNATURES (ID,VERSION,ACTIVITY_ID,MANDATORY,NUMBER_OF_LIST,SIGNATURE_ID) values ('36','0','13','0','1','20');
insert into EUMOWY.ACTIVITY_SIGNATURES (ID,VERSION,ACTIVITY_ID,MANDATORY,NUMBER_OF_LIST,SIGNATURE_ID) values ('37','0','13','0','1','21');
insert into EUMOWY.ACTIVITY_SIGNATURES (ID,VERSION,ACTIVITY_ID,MANDATORY,NUMBER_OF_LIST,SIGNATURE_ID) values ('38','0','13','0','2','8');
insert into EUMOWY.ACTIVITY_SIGNATURES (ID,VERSION,ACTIVITY_ID,MANDATORY,NUMBER_OF_LIST,SIGNATURE_ID) values ('39','0','13','0','2','4');
insert into EUMOWY.ACTIVITY_SIGNATURES (ID,VERSION,ACTIVITY_ID,MANDATORY,NUMBER_OF_LIST,SIGNATURE_ID) values ('40','0','13','0','2','22');
insert into EUMOWY.ACTIVITY_SIGNATURES (ID,VERSION,ACTIVITY_ID,MANDATORY,NUMBER_OF_LIST,SIGNATURE_ID) values ('41','0','14','0','1','23');
insert into EUMOWY.ACTIVITY_SIGNATURES (ID,VERSION,ACTIVITY_ID,MANDATORY,NUMBER_OF_LIST,SIGNATURE_ID) values ('42','0','14','0','1','24');
insert into EUMOWY.ACTIVITY_SIGNATURES (ID,VERSION,ACTIVITY_ID,MANDATORY,NUMBER_OF_LIST,SIGNATURE_ID) values ('43','0','15','0','1','25');
insert into EUMOWY.ACTIVITY_SIGNATURES (ID,VERSION,ACTIVITY_ID,MANDATORY,NUMBER_OF_LIST,SIGNATURE_ID) values ('44','0','17','0','1','26');
insert into EUMOWY.ACTIVITY_SIGNATURES (ID,VERSION,ACTIVITY_ID,MANDATORY,NUMBER_OF_LIST,SIGNATURE_ID) values ('45','0','17','0','2','27');
insert into EUMOWY.ACTIVITY_SIGNATURES (ID,VERSION,ACTIVITY_ID,MANDATORY,NUMBER_OF_LIST,SIGNATURE_ID) values ('46','0','18','0','1','28');
insert into EUMOWY.ACTIVITY_SIGNATURES (ID,VERSION,ACTIVITY_ID,MANDATORY,NUMBER_OF_LIST,SIGNATURE_ID) values ('47','0','18','0','2','27');
insert into EUMOWY.ACTIVITY_SIGNATURES (ID,VERSION,ACTIVITY_ID,MANDATORY,NUMBER_OF_LIST,SIGNATURE_ID) values ('48','0','19','0','1','29');

Insert into EUMOWY.KALKULATORTYPURZADZEN (TYP,SLOWNIK,SMT_ID,ID,MEDIUM,KALKULATOR,DOMYSLNIE) values ('AMORT_VX670GPRS','Verifone Vx670 GPRS','139','1','GPRS','Verifone Vx670 GPRS','1');
Insert into EUMOWY.KALKULATORTYPURZADZEN (TYP,SLOWNIK,SMT_ID,ID,MEDIUM,KALKULATOR,DOMYSLNIE) values ('AMORT_VX520CTLS','Verifone Vx520C (zintegrowany)','151','2','DIALUP','VX520CTLS','1');
Insert into EUMOWY.KALKULATORTYPURZADZEN (TYP,SLOWNIK,SMT_ID,ID,MEDIUM,KALKULATOR,DOMYSLNIE) values ('AMORT_VX520CTLS','Verifone Vx520C (zintegrowany)','151','3','SSL','VX520CTLS','0');
Insert into EUMOWY.KALKULATORTYPURZADZEN (TYP,SLOWNIK,SMT_ID,ID,MEDIUM,KALKULATOR,DOMYSLNIE) values ('AMORT_VX510520','Verifone Vx520 + PINPad Standard','142','4','DIALUP','Verifone Vx510/520C + PINPad Standard','0');
Insert into EUMOWY.KALKULATORTYPURZADZEN (TYP,SLOWNIK,SMT_ID,ID,MEDIUM,KALKULATOR,DOMYSLNIE) values ('AMORT_VX510520','Verifone Vx520 + PINPad Standard','142','5','SSL','Verifone Vx510/520C + PINPad Standard','0');
Insert into EUMOWY.KALKULATORTYPURZADZEN (TYP,SLOWNIK,SMT_ID,ID,MEDIUM,KALKULATOR,DOMYSLNIE) values ('AMORT_VX510CTLS','Verifone Vx520 + PINPad CTLS','140','6','DIALUP','Verifone Vx510/520C + PINPad CTLS','1');
Insert into EUMOWY.KALKULATORTYPURZADZEN (TYP,SLOWNIK,SMT_ID,ID,MEDIUM,KALKULATOR,DOMYSLNIE) values ('AMORT_VX510CTLS','Verifone Vx520 + PINPad CTLS','140','7','SSL','Verifone Vx510/520C + PINPad CTLS','0');
Insert into EUMOWY.KALKULATORTYPURZADZEN (TYP,SLOWNIK,SMT_ID,ID,MEDIUM,KALKULATOR,DOMYSLNIE) values ('AMORT_XV510GPRS','Verifone Vx510G GPRS + PINPad Standard','143','8','GPRS','Verifone Vx510G GPRS + PINPad Standard','1');
Insert into EUMOWY.KALKULATORTYPURZADZEN (TYP,SLOWNIK,SMT_ID,ID,MEDIUM,KALKULATOR,DOMYSLNIE) values ('AMORT_VX510GCTLS','Verifone Vx510G GPRS + PINPad CTLS','141','9','GPRS','Verifone Vx510G GPRS + PINPad CTLS','1');
Insert into EUMOWY.KALKULATORTYPURZADZEN (TYP,SLOWNIK,SMT_ID,ID,MEDIUM,KALKULATOR,DOMYSLNIE) values ('AMORT_VX510520','Verifone Vx510C + PINPad Standard','142','10','SSL','Verifone Vx510/520C + PINPad Standard','0');
Insert into EUMOWY.KALKULATORTYPURZADZEN (TYP,SLOWNIK,SMT_ID,ID,MEDIUM,KALKULATOR,DOMYSLNIE) values ('AMORT_VX510520','Verifone Vx510C + PINPad Standard','142','11','DIALUP','Verifone Vx510/520C + PINPad Standard','0');
Insert into EUMOWY.KALKULATORTYPURZADZEN (TYP,SLOWNIK,SMT_ID,ID,MEDIUM,KALKULATOR,DOMYSLNIE) values ('AMORT_VX510520','Verifone Vx510C + PINPad Standard','142','12','GPRS','Verifone Vx510/520C + PINPad Standard','0');
Insert into EUMOWY.KALKULATORTYPURZADZEN (TYP,SLOWNIK,SMT_ID,ID,MEDIUM,KALKULATOR,DOMYSLNIE) values ('AMORT_VX510520','Verifone Vx510C + PINPad Standard','142','13','VPN','Verifone Vx510/520C + PINPad Standard','0');
Insert into EUMOWY.KALKULATORTYPURZADZEN (TYP,SLOWNIK,SMT_ID,ID,MEDIUM,KALKULATOR,DOMYSLNIE) values ('AMORT_VX510CTLS','Verifone Vx510C + PINPad CTLS','140','14','SSL','Verifone Vx510/520C + PINPad CTLS','0');
Insert into EUMOWY.KALKULATORTYPURZADZEN (TYP,SLOWNIK,SMT_ID,ID,MEDIUM,KALKULATOR,DOMYSLNIE) values ('AMORT_VX510CTLS','Verifone Vx510C + PINPad CTLS','140','15','DIALUP','Verifone Vx510/520C + PINPad CTLS','0');
Insert into EUMOWY.KALKULATORTYPURZADZEN (TYP,SLOWNIK,SMT_ID,ID,MEDIUM,KALKULATOR,DOMYSLNIE) values ('AMORT_VX510CTLS','Verifone Vx510C + PINPad CTLS','140','16','GPRS','Verifone Vx510/520C + PINPad CTLS','0');
Insert into EUMOWY.KALKULATORTYPURZADZEN (TYP,SLOWNIK,SMT_ID,ID,MEDIUM,KALKULATOR,DOMYSLNIE) values ('AMORT_VX510CTLS','Verifone Vx510C + PINPad CTLS','140','17','VPN','Verifone Vx510/520C + PINPad CTLS','0');
Insert into EUMOWY.KALKULATORTYPURZADZEN (TYP,SLOWNIK,SMT_ID,ID,MEDIUM,KALKULATOR,DOMYSLNIE) values ('AMORT_VX510520','Verifone Vx510 + PINPad Standard','142','18','GPRS','Verifone Vx510/520C + PINPad Standard','1');
Insert into EUMOWY.KALKULATORTYPURZADZEN (TYP,SLOWNIK,SMT_ID,ID,MEDIUM,KALKULATOR,DOMYSLNIE) values ('AMORT_VX510520','Verifone Vx510 + PINPad CTLS','142','19','GPRS','Verifone Vx510/520C + PINPad CTLS','0');
Insert into EUMOWY.KALKULATORTYPURZADZEN (TYP,SLOWNIK,SMT_ID,ID,MEDIUM,KALKULATOR,DOMYSLNIE) values ('AMORT_VX670GPRS','Verifone Vx670','139','20','WiFi','Verifone Vx670 GPRS','0');

-- mapowanie pol z kalkulatora na eumowy
Insert into EUMOWY.MAPOWANIEKALKULATORA (POLEKALKULATOR,POLEAPREEL,DZIALANIE) values ('L_SEGMENT','SEGMENT_SPRZEDAZOWY','P');
Insert into EUMOWY.MAPOWANIEKALKULATORA (POLEKALKULATOR,POLEAPREEL,DZIALANIE) values ('E_OPLATA_POS_1','TYP_DIALUP_TERM_CENA','P');
Insert into EUMOWY.MAPOWANIEKALKULATORA (POLEKALKULATOR,POLEAPREEL,DZIALANIE) values ('S_RODZAJ_URZADZENIA','TYP_WIFI','P');
Insert into EUMOWY.MAPOWANIEKALKULATORA (POLEKALKULATOR,POLEAPREEL,DZIALANIE) values ('E_OPLATA_PINPAD_1','TYP_GPRS_PP_CENA','P');
Insert into EUMOWY.MAPOWANIEKALKULATORA (POLEKALKULATOR,POLEAPREEL,DZIALANIE) values ('E_OPLATA_POS_1','TYP_GPRS_TERM_CENA','P');
Insert into EUMOWY.MAPOWANIEKALKULATORA (POLEKALKULATOR,POLEAPREEL,DZIALANIE) values ('S_RODZAJ_URZADZENIA','TYP_VPN','P');
Insert into EUMOWY.MAPOWANIEKALKULATORA (POLEKALKULATOR,POLEAPREEL,DZIALANIE) values ('E_OPLATA_PINPAD_1','TYP_SSL_PP_CENA','P');
Insert into EUMOWY.MAPOWANIEKALKULATORA (POLEKALKULATOR,POLEAPREEL,DZIALANIE) values ('E_OPLATA_POS_1','TYP_SSL_TERM_CENA','P');
Insert into EUMOWY.MAPOWANIEKALKULATORA (POLEKALKULATOR,POLEAPREEL,DZIALANIE) values ('S_RODZAJ_URZADZENIA','TYP_SSL','P');
Insert into EUMOWY.MAPOWANIEKALKULATORA (POLEKALKULATOR,POLEAPREEL,DZIALANIE) values ('E_OPLATA_PINPAD_1','TYP_VPN_PP_CENA','P');
Insert into EUMOWY.MAPOWANIEKALKULATORA (POLEKALKULATOR,POLEAPREEL,DZIALANIE) values ('E_OPLATA_POS_1','TYP_VPN_TERM_CENA','P');
Insert into EUMOWY.MAPOWANIEKALKULATORA (POLEKALKULATOR,POLEAPREEL,DZIALANIE) values ('S_RODZAJ_URZADZENIA','TYP_GPRS','P');
Insert into EUMOWY.MAPOWANIEKALKULATORA (POLEKALKULATOR,POLEAPREEL,DZIALANIE) values ('E_OPLATA_PINPAD_1','TYP_WIFI_PP_CENA','P');
Insert into EUMOWY.MAPOWANIEKALKULATORA (POLEKALKULATOR,POLEAPREEL,DZIALANIE) values ('E_OPLATA_POS_1','TYP_WIFI_TERM_CENA','P');
Insert into EUMOWY.MAPOWANIEKALKULATORA (POLEKALKULATOR,POLEAPREEL,DZIALANIE) values ('S_PAKIET_SERWIS_1','PAKIET_SERWIS_PRESTIZ','P');
Insert into EUMOWY.MAPOWANIEKALKULATORA (POLEKALKULATOR,POLEAPREEL,DZIALANIE) values ('S_PAKIET_SERWIS_1','PAKIET_SERWIS_KOMFORT','P');
Insert into EUMOWY.MAPOWANIEKALKULATORA (POLEKALKULATOR,POLEAPREEL,DZIALANIE) values ('S_PAKIET_SERWIS_1','PAKIET_SERWIS_EKONOMICZNY','P');
Insert into EUMOWY.MAPOWANIEKALKULATORA (POLEKALKULATOR,POLEAPREEL,DZIALANIE) values ('E_VISA_6','OPLATA_MSC_33_PROCENT','N');
Insert into EUMOWY.MAPOWANIEKALKULATORA (POLEKALKULATOR,POLEAPREEL,DZIALANIE) values ('E_VISA_5','OPLATA_MSC_322_PROCENT','N');
Insert into EUMOWY.MAPOWANIEKALKULATORA (POLEKALKULATOR,POLEAPREEL,DZIALANIE) values ('E_VISA_4','OPLATA_MSC_321_PROCENT','N');
Insert into EUMOWY.MAPOWANIEKALKULATORA (POLEKALKULATOR,POLEAPREEL,DZIALANIE) values ('E_VISA_3','OPLATA_MSC_312_PROCENT','N');
Insert into EUMOWY.MAPOWANIEKALKULATORA (POLEKALKULATOR,POLEAPREEL,DZIALANIE) values ('E_VISA_2','OPLATA_MSC_311_PROCENT','N');
Insert into EUMOWY.MAPOWANIEKALKULATORA (POLEKALKULATOR,POLEAPREEL,DZIALANIE) values ('E_VISA_1','OPLATA_MSC_11_PROCENT','P');
Insert into EUMOWY.MAPOWANIEKALKULATORA (POLEKALKULATOR,POLEAPREEL,DZIALANIE) values ('E_VISA_1','OPLATA_MSC_12_PROCENT','P');
Insert into EUMOWY.MAPOWANIEKALKULATORA (POLEKALKULATOR,POLEAPREEL,DZIALANIE) values ('E_VISA_1','OPLATA_MSC_13_PROCENT','P');
Insert into EUMOWY.MAPOWANIEKALKULATORA (POLEKALKULATOR,POLEAPREEL,DZIALANIE) values ('E_VISA_1','OPLATA_MSC_21_PROCENT','P');
Insert into EUMOWY.MAPOWANIEKALKULATORA (POLEKALKULATOR,POLEAPREEL,DZIALANIE) values ('E_VISA_1','OPLATA_MSC_22_PROCENT','P');
Insert into EUMOWY.MAPOWANIEKALKULATORA (POLEKALKULATOR,POLEAPREEL,DZIALANIE) values ('E_VISA_1','OPLATA_MSC_23_PROCENT','P');
Insert into EUMOWY.MAPOWANIEKALKULATORA (POLEKALKULATOR,POLEAPREEL,DZIALANIE) values ('E_STAWKA_PP_VIRGIN','STAWKA_TELEKODZIK_VIRGIN','N');
Insert into EUMOWY.MAPOWANIEKALKULATORA (POLEKALKULATOR,POLEAPREEL,DZIALANIE) values ('E_STAWKA_PP_PLAY','STAWKA_TELEKODZIK_PLAY','P');
Insert into EUMOWY.MAPOWANIEKALKULATORA (POLEKALKULATOR,POLEAPREEL,DZIALANIE) values ('E_STAWKA_PP_LYCA','STAWKA_TELEKODZIK_LYCA','P');
Insert into EUMOWY.MAPOWANIEKALKULATORA (POLEKALKULATOR,POLEAPREEL,DZIALANIE) values ('E_STAWKA_PP_MUNDIO','STAWKA_TELEKODZIK_VECTOBE','P');
Insert into EUMOWY.MAPOWANIEKALKULATORA (POLEKALKULATOR,POLEAPREEL,DZIALANIE) values ('E_STAWKA_PP_T_MOBILE','STAWKA_TELEKODZIK_HEYAH','P');
Insert into EUMOWY.MAPOWANIEKALKULATORA (POLEKALKULATOR,POLEAPREEL,DZIALANIE) values ('E_STAWKA_PP_T_MOBILE','STAWKA_TELEKODZIK_TAKTAK','P');
Insert into EUMOWY.MAPOWANIEKALKULATORA (POLEKALKULATOR,POLEAPREEL,DZIALANIE) values ('E_STAWKA_PP_T_MOBILE','STAWKA_TELEPOMPKA_TAKTAK','P');
Insert into EUMOWY.MAPOWANIEKALKULATORA (POLEKALKULATOR,POLEAPREEL,DZIALANIE) values ('E_STAWKA_PP_T_MOBILE','STAWKA_TELEPOMPKA_HEYAH','P');
Insert into EUMOWY.MAPOWANIEKALKULATORA (POLEKALKULATOR,POLEAPREEL,DZIALANIE) values ('E_STAWKA_PP_PLUS','STAWKA_TELEPOMPKA_PLUS','P');
Insert into EUMOWY.MAPOWANIEKALKULATORA (POLEKALKULATOR,POLEAPREEL,DZIALANIE) values ('E_STAWKA_PP_PLUS','STAWKA_TELEKODZIK_PLUS','P');
Insert into EUMOWY.MAPOWANIEKALKULATORA (POLEKALKULATOR,POLEAPREEL,DZIALANIE) values ('E_STAWKA_PP_PLAY','STAWKA_TELEPOMPKA_PLAY','P');
Insert into EUMOWY.MAPOWANIEKALKULATORA (POLEKALKULATOR,POLEAPREEL,DZIALANIE) values ('E_STAWKA_PP_ORANGE','STAWKA_TELEPOMPKA_ORANGE','P');
Insert into EUMOWY.MAPOWANIEKALKULATORA (POLEKALKULATOR,POLEAPREEL,DZIALANIE) values ('E_STAWKA_PP_MUNDIO','STAWKA_TELEKODZIK_DELIGHT','P');
Insert into EUMOWY.MAPOWANIEKALKULATORA (POLEKALKULATOR,POLEAPREEL,DZIALANIE) values ('E_STAWKA_PP_LYCA','STAWKA_TELEKODZIK_GTMOBILE','P');
Insert into EUMOWY.MAPOWANIEKALKULATORA (POLEKALKULATOR,POLEAPREEL,DZIALANIE) values ('NIP','NIP','P');
Insert into EUMOWY.MAPOWANIEKALKULATORA (POLEKALKULATOR,POLEAPREEL,DZIALANIE) values ('E_STAWKA_PP_GALENA','STAWKA_TELEKODZIK_GALENA','N');
Insert into EUMOWY.MAPOWANIEKALKULATORA (POLEKALKULATOR,POLEAPREEL,DZIALANIE) values ('E_PREPAID_ZAKRES','CZY_TELEPOMPKA','P');
Insert into EUMOWY.MAPOWANIEKALKULATORA (POLEKALKULATOR,POLEAPREEL,DZIALANIE) values ('E_PREPAID_ZAKRES','CZY_TELEKODZIK','P');
Insert into EUMOWY.MAPOWANIEKALKULATORA (POLEKALKULATOR,POLEAPREEL,DZIALANIE) values ('E_PKO_6','OPLATA_IFPLUS_IKO','P');
Insert into EUMOWY.MAPOWANIEKALKULATORA (POLEKALKULATOR,POLEAPREEL,DZIALANIE) values ('E_PKO_6','OPLATA_MSC_10_PROCENT','P');
Insert into EUMOWY.MAPOWANIEKALKULATORA (POLEKALKULATOR,POLEAPREEL,DZIALANIE) values ('E_PKO_5','OPLATA_MSC_83_PROCENT','N');
Insert into EUMOWY.MAPOWANIEKALKULATORA (POLEKALKULATOR,POLEAPREEL,DZIALANIE) values ('E_PKO_4','OPLATA_MSC_811_PROCENT','P');
Insert into EUMOWY.MAPOWANIEKALKULATORA (POLEKALKULATOR,POLEAPREEL,DZIALANIE) values ('E_PKO_4','OPLATA_MSC_812_PROCENT','P');
Insert into EUMOWY.MAPOWANIEKALKULATORA (POLEKALKULATOR,POLEAPREEL,DZIALANIE) values ('E_PKO_4','OPLATA_MSC_813_PROCENT','P');
Insert into EUMOWY.MAPOWANIEKALKULATORA (POLEKALKULATOR,POLEAPREEL,DZIALANIE) values ('E_PKO_4','OPLATA_MSC_821_PROCENT','P');
Insert into EUMOWY.MAPOWANIEKALKULATORA (POLEKALKULATOR,POLEAPREEL,DZIALANIE) values ('E_PKO_4','OPLATA_MSC_822_PROCENT','P');
Insert into EUMOWY.MAPOWANIEKALKULATORA (POLEKALKULATOR,POLEAPREEL,DZIALANIE) values ('E_PKO_4','OPLATA_MSC_823_PROCENT','P');
Insert into EUMOWY.MAPOWANIEKALKULATORA (POLEKALKULATOR,POLEAPREEL,DZIALANIE) values ('E_PKO_4','OPLATA_MSC_841_PROCENT','P');
Insert into EUMOWY.MAPOWANIEKALKULATORA (POLEKALKULATOR,POLEAPREEL,DZIALANIE) values ('E_PKO_4','OPLATA_MSC_842_PROCENT','P');
Insert into EUMOWY.MAPOWANIEKALKULATORA (POLEKALKULATOR,POLEAPREEL,DZIALANIE) values ('E_PKO_4','OPLATA_MSC_843_PROCENT','P');
Insert into EUMOWY.MAPOWANIEKALKULATORA (POLEKALKULATOR,POLEAPREEL,DZIALANIE) values ('E_PKO_3','OPLATA_MSC_73_PROCENT','N');
Insert into EUMOWY.MAPOWANIEKALKULATORA (POLEKALKULATOR,POLEAPREEL,DZIALANIE) values ('E_PKO_2','OPLATA_MSC_712_PROCENT','P');
Insert into EUMOWY.MAPOWANIEKALKULATORA (POLEKALKULATOR,POLEAPREEL,DZIALANIE) values ('E_PKO_2','OPLATA_MSC_722_PROCENT','P');
Insert into EUMOWY.MAPOWANIEKALKULATORA (POLEKALKULATOR,POLEAPREEL,DZIALANIE) values ('E_PKO_1','OPLATA_MSC_711_PROCENT','P');
Insert into EUMOWY.MAPOWANIEKALKULATORA (POLEKALKULATOR,POLEAPREEL,DZIALANIE) values ('E_PKO_1','OPLATA_MSC_721_PROCENT','P');
Insert into EUMOWY.MAPOWANIEKALKULATORA (POLEKALKULATOR,POLEAPREEL,DZIALANIE) values ('E_OPLATA_PLASKA_6','OPLATA_MSC_711_ZL','P');
Insert into EUMOWY.MAPOWANIEKALKULATORA (POLEKALKULATOR,POLEAPREEL,DZIALANIE) values ('E_OPLATA_PLASKA_6','OPLATA_MSC_712_ZL','P');
Insert into EUMOWY.MAPOWANIEKALKULATORA (POLEKALKULATOR,POLEAPREEL,DZIALANIE) values ('E_OPLATA_PLASKA_6','OPLATA_MSC_721_ZL','P');
Insert into EUMOWY.MAPOWANIEKALKULATORA (POLEKALKULATOR,POLEAPREEL,DZIALANIE) values ('E_OPLATA_PLASKA_6','OPLATA_MSC_722_ZL','P');
Insert into EUMOWY.MAPOWANIEKALKULATORA (POLEKALKULATOR,POLEAPREEL,DZIALANIE) values ('E_OPLATA_PLASKA_6','OPLATA_MSC_73_ZL','P');
Insert into EUMOWY.MAPOWANIEKALKULATORA (POLEKALKULATOR,POLEAPREEL,DZIALANIE) values ('E_OPLATA_PLASKA_6','OPLATA_MSC_811_ZL','P');
Insert into EUMOWY.MAPOWANIEKALKULATORA (POLEKALKULATOR,POLEAPREEL,DZIALANIE) values ('E_OPLATA_PLASKA_6','OPLATA_MSC_812_ZL','P');
Insert into EUMOWY.MAPOWANIEKALKULATORA (POLEKALKULATOR,POLEAPREEL,DZIALANIE) values ('E_OPLATA_PLASKA_6','OPLATA_MSC_813_ZL','P');
Insert into EUMOWY.MAPOWANIEKALKULATORA (POLEKALKULATOR,POLEAPREEL,DZIALANIE) values ('E_OPLATA_PLASKA_6','OPLATA_MSC_821_ZL','P');
Insert into EUMOWY.MAPOWANIEKALKULATORA (POLEKALKULATOR,POLEAPREEL,DZIALANIE) values ('E_OPLATA_PLASKA_6','OPLATA_MSC_822_ZL','P');
Insert into EUMOWY.MAPOWANIEKALKULATORA (POLEKALKULATOR,POLEAPREEL,DZIALANIE) values ('E_OPLATA_PLASKA_6','OPLATA_MSC_823_ZL','P');
Insert into EUMOWY.MAPOWANIEKALKULATORA (POLEKALKULATOR,POLEAPREEL,DZIALANIE) values ('E_OPLATA_PLASKA_6','OPLATA_MSC_841_ZL','P');
Insert into EUMOWY.MAPOWANIEKALKULATORA (POLEKALKULATOR,POLEAPREEL,DZIALANIE) values ('E_OPLATA_PLASKA_6','OPLATA_MSC_842_ZL','P');
Insert into EUMOWY.MAPOWANIEKALKULATORA (POLEKALKULATOR,POLEAPREEL,DZIALANIE) values ('E_OPLATA_PLASKA_6','OPLATA_MSC_843_ZL','P');
Insert into EUMOWY.MAPOWANIEKALKULATORA (POLEKALKULATOR,POLEAPREEL,DZIALANIE) values ('E_OPLATA_PLASKA_5','OPLATA_MSC_613_ZL','P');
Insert into EUMOWY.MAPOWANIEKALKULATORA (POLEKALKULATOR,POLEAPREEL,DZIALANIE) values ('E_OPLATA_PLASKA_5','OPLATA_MSC_623_ZL','P');
Insert into EUMOWY.MAPOWANIEKALKULATORA (POLEKALKULATOR,POLEAPREEL,DZIALANIE) values ('E_OPLATA_PLASKA_5','OPLATA_MSC_643_ZL','P');
Insert into EUMOWY.MAPOWANIEKALKULATORA (POLEKALKULATOR,POLEAPREEL,DZIALANIE) values ('E_OPLATA_PLASKA_4','OPLATA_MSC_612_ZL','P');
Insert into EUMOWY.MAPOWANIEKALKULATORA (POLEKALKULATOR,POLEAPREEL,DZIALANIE) values ('E_OPLATA_PLASKA_4','OPLATA_MSC_622_ZL','P');
Insert into EUMOWY.MAPOWANIEKALKULATORA (POLEKALKULATOR,POLEAPREEL,DZIALANIE) values ('E_OPLATA_PLASKA_4','OPLATA_MSC_642_ZL','P');
Insert into EUMOWY.MAPOWANIEKALKULATORA (POLEKALKULATOR,POLEAPREEL,DZIALANIE) values ('E_OPLATA_PLASKA_3','OPLATA_MSC_611_ZL','P');
Insert into EUMOWY.MAPOWANIEKALKULATORA (POLEKALKULATOR,POLEAPREEL,DZIALANIE) values ('E_OPLATA_PLASKA_3','OPLATA_MSC_621_ZL','P');
Insert into EUMOWY.MAPOWANIEKALKULATORA (POLEKALKULATOR,POLEAPREEL,DZIALANIE) values ('E_OPLATA_PLASKA_3','OPLATA_MSC_641_ZL','P');
Insert into EUMOWY.MAPOWANIEKALKULATORA (POLEKALKULATOR,POLEAPREEL,DZIALANIE) values ('E_OPLATA_PLASKA_2','OPLATA_MSC_312_ZL','P');
Insert into EUMOWY.MAPOWANIEKALKULATORA (POLEKALKULATOR,POLEAPREEL,DZIALANIE) values ('E_OPLATA_PLASKA_2','OPLATA_MSC_322_ZL','P');
Insert into EUMOWY.MAPOWANIEKALKULATORA (POLEKALKULATOR,POLEAPREEL,DZIALANIE) values ('E_OPLATA_PLASKA_1','OPLATA_MSC_311_ZL','P');
Insert into EUMOWY.MAPOWANIEKALKULATORA (POLEKALKULATOR,POLEAPREEL,DZIALANIE) values ('E_OPLATA_PLASKA_1','OPLATA_MSC_321_ZL','P');
Insert into EUMOWY.MAPOWANIEKALKULATORA (POLEKALKULATOR,POLEAPREEL,DZIALANIE) values ('S_RODZAJ_URZADZENIA','TYP_DIALUP','P');
Insert into EUMOWY.MAPOWANIEKALKULATORA (POLEKALKULATOR,POLEAPREEL,DZIALANIE) values ('L_PRZY_MODELU_IF_VAL','OPLATA_IFPLUS_VISA','P');
Insert into EUMOWY.MAPOWANIEKALKULATORA (POLEKALKULATOR,POLEAPREEL,DZIALANIE) values ('L_PRZY_MODELU_IF_VAL','OPLATA_IFPLUS_MASTERCARD','P');
Insert into EUMOWY.MAPOWANIEKALKULATORA (POLEKALKULATOR,POLEAPREEL,DZIALANIE) values ('E_OPL_ZA_APL_PP_VAL','OPLATA_ZA_APL_PP','N');
Insert into EUMOWY.MAPOWANIEKALKULATORA (POLEKALKULATOR,POLEAPREEL,DZIALANIE) values ('E_MIN_STAWKA_PLASKA','OPLATA_MSC_33_ZL','P');
Insert into EUMOWY.MAPOWANIEKALKULATORA (POLEKALKULATOR,POLEAPREEL,DZIALANIE) values ('E_MIN_STAWKA_PLASKA','OPLATA_MSC_63_ZL','P');
Insert into EUMOWY.MAPOWANIEKALKULATORA (POLEKALKULATOR,POLEAPREEL,DZIALANIE) values ('E_MIN_STAWKA_PLASKA','OPLATA_MSC_83_ZL','P');
Insert into EUMOWY.MAPOWANIEKALKULATORA (POLEKALKULATOR,POLEAPREEL,DZIALANIE) values ('E_MC_8','OPLATA_MSC_63_PROCENT','N');
Insert into EUMOWY.MAPOWANIEKALKULATORA (POLEKALKULATOR,POLEAPREEL,DZIALANIE) values ('E_MC_7','OPLATA_MSC_623_PROCENT','N');
Insert into EUMOWY.MAPOWANIEKALKULATORA (POLEKALKULATOR,POLEAPREEL,DZIALANIE) values ('E_MC_7','OPLATA_MSC_643_PROCENT','N');
Insert into EUMOWY.MAPOWANIEKALKULATORA (POLEKALKULATOR,POLEAPREEL,DZIALANIE) values ('E_MC_6','OPLATA_MSC_622_PROCENT','N');
Insert into EUMOWY.MAPOWANIEKALKULATORA (POLEKALKULATOR,POLEAPREEL,DZIALANIE) values ('E_MC_6','OPLATA_MSC_642_PROCENT','N');
Insert into EUMOWY.MAPOWANIEKALKULATORA (POLEKALKULATOR,POLEAPREEL,DZIALANIE) values ('E_MC_5','OPLATA_MSC_621_PROCENT','N');
Insert into EUMOWY.MAPOWANIEKALKULATORA (POLEKALKULATOR,POLEAPREEL,DZIALANIE) values ('E_MC_5','OPLATA_MSC_641_PROCENT','N');
Insert into EUMOWY.MAPOWANIEKALKULATORA (POLEKALKULATOR,POLEAPREEL,DZIALANIE) values ('E_MC_4','OPLATA_MSC_613_PROCENT','N');
Insert into EUMOWY.MAPOWANIEKALKULATORA (POLEKALKULATOR,POLEAPREEL,DZIALANIE) values ('E_MC_3','OPLATA_MSC_612_PROCENT','N');
Insert into EUMOWY.MAPOWANIEKALKULATORA (POLEKALKULATOR,POLEAPREEL,DZIALANIE) values ('E_MC_2','OPLATA_MSC_611_PROCENT','N');
Insert into EUMOWY.MAPOWANIEKALKULATORA (POLEKALKULATOR,POLEAPREEL,DZIALANIE) values ('E_MC_1','OPLATA_MSC_41_PROCENT','P');
Insert into EUMOWY.MAPOWANIEKALKULATORA (POLEKALKULATOR,POLEAPREEL,DZIALANIE) values ('E_MC_1','OPLATA_MSC_42_PROCENT','P');
Insert into EUMOWY.MAPOWANIEKALKULATORA (POLEKALKULATOR,POLEAPREEL,DZIALANIE) values ('E_MC_1','OPLATA_MSC_43_PROCENT','P');
Insert into EUMOWY.MAPOWANIEKALKULATORA (POLEKALKULATOR,POLEAPREEL,DZIALANIE) values ('E_MC_1','OPLATA_MSC_44_PROCENT','P');
Insert into EUMOWY.MAPOWANIEKALKULATORA (POLEKALKULATOR,POLEAPREEL,DZIALANIE) values ('E_MC_1','OPLATA_MSC_51_PROCENT','P');
Insert into EUMOWY.MAPOWANIEKALKULATORA (POLEKALKULATOR,POLEAPREEL,DZIALANIE) values ('E_MC_1','OPLATA_MSC_52_PROCENT','P');
Insert into EUMOWY.MAPOWANIEKALKULATORA (POLEKALKULATOR,POLEAPREEL,DZIALANIE) values ('E_MC_1','OPLATA_MSC_53_PROCENT','P');
Insert into EUMOWY.MAPOWANIEKALKULATORA (POLEKALKULATOR,POLEAPREEL,DZIALANIE) values ('E_MC_1','OPLATA_MSC_54_PROCENT','P');
Insert into EUMOWY.MAPOWANIEKALKULATORA (POLEKALKULATOR,POLEAPREEL,DZIALANIE) values ('E_LICZBA_MIESIECY_LOJ','LICZBA_MIESIECY_LOJ','N');
Insert into EUMOWY.MAPOWANIEKALKULATORA (POLEKALKULATOR,POLEAPREEL,DZIALANIE) values ('E_LICZBA_MIES_ZWOL_NAJ_1','E_LICZBA_MIES_ZWOL_NAJ_1','N');
Insert into EUMOWY.MAPOWANIEKALKULATORA (POLEKALKULATOR,POLEAPREEL,DZIALANIE) values ('E_KOSZTY_MARZA_PROC','OPLATA_IFPLUS_PKOBP','N');
Insert into EUMOWY.MAPOWANIEKALKULATORA (POLEKALKULATOR,POLEAPREEL,DZIALANIE) values ('E_DOD_OPLATA_POS_NETTO_1','OPLATA_DCC','P');
Insert into EUMOWY.MAPOWANIEKALKULATORA (POLEKALKULATOR,POLEAPREEL,DZIALANIE) values ('E_DIN_1','OPLATA_IFPLUS_DINERSCLUB','P');
Insert into EUMOWY.MAPOWANIEKALKULATORA (POLEKALKULATOR,POLEAPREEL,DZIALANIE) values ('E_DIN_1','OPLATA_MSC_9_PROCENT','P');
Insert into EUMOWY.MAPOWANIEKALKULATORA (POLEKALKULATOR,POLEAPREEL,DZIALANIE) values ('E_DEKLARACJA_SPRZ_PP_BRUTTO','DEKLARACJA_SPRZEDAZY_PP','N');
Insert into EUMOWY.MAPOWANIEKALKULATORA (POLEKALKULATOR,POLEAPREEL,DZIALANIE) values ('E_DCC_1','OPLATA_DCC_VISA_PR','P');
Insert into EUMOWY.MAPOWANIEKALKULATORA (POLEKALKULATOR,POLEAPREEL,DZIALANIE) values ('E_DCC_1','OPLATA_DCC_MASTERCARD_PR','P');
Insert into EUMOWY.MAPOWANIEKALKULATORA (POLEKALKULATOR,POLEAPREEL,DZIALANIE) values ('E_DCC_1','OPLATA_DCC_MAESTRO_PR','P');
Insert into EUMOWY.MAPOWANIEKALKULATORA (POLEKALKULATOR,POLEAPREEL,DZIALANIE) values ('0','OPLATA_DCC_VISA_ZL','I');
Insert into EUMOWY.MAPOWANIEKALKULATORA (POLEKALKULATOR,POLEAPREEL,DZIALANIE) values ('0','OPLATA_DCC_MASTERCARD_ZL','I');
Insert into EUMOWY.MAPOWANIEKALKULATORA (POLEKALKULATOR,POLEAPREEL,DZIALANIE) values ('0','OPLATA_DCC_MAESTRO_ZL','I');
Insert into EUMOWY.MAPOWANIEKALKULATORA (POLEKALKULATOR,POLEAPREEL,DZIALANIE) values ('0','OPLATA_MSC_11_ZL','I');
Insert into EUMOWY.MAPOWANIEKALKULATORA (POLEKALKULATOR,POLEAPREEL,DZIALANIE) values ('0','OPLATA_MSC_12_ZL','I');
Insert into EUMOWY.MAPOWANIEKALKULATORA (POLEKALKULATOR,POLEAPREEL,DZIALANIE) values ('0','OPLATA_MSC_13_ZL','I');
Insert into EUMOWY.MAPOWANIEKALKULATORA (POLEKALKULATOR,POLEAPREEL,DZIALANIE) values ('0','OPLATA_MSC_21_ZL','I');
Insert into EUMOWY.MAPOWANIEKALKULATORA (POLEKALKULATOR,POLEAPREEL,DZIALANIE) values ('0','OPLATA_MSC_22_ZL','I');
Insert into EUMOWY.MAPOWANIEKALKULATORA (POLEKALKULATOR,POLEAPREEL,DZIALANIE) values ('0','OPLATA_MSC_23_ZL','I');
Insert into EUMOWY.MAPOWANIEKALKULATORA (POLEKALKULATOR,POLEAPREEL,DZIALANIE) values ('0','OPLATA_MSC_41_ZL','I');
Insert into EUMOWY.MAPOWANIEKALKULATORA (POLEKALKULATOR,POLEAPREEL,DZIALANIE) values ('0','OPLATA_MSC_42_ZL','I');
Insert into EUMOWY.MAPOWANIEKALKULATORA (POLEKALKULATOR,POLEAPREEL,DZIALANIE) values ('0','OPLATA_MSC_43_ZL','I');
Insert into EUMOWY.MAPOWANIEKALKULATORA (POLEKALKULATOR,POLEAPREEL,DZIALANIE) values ('0','OPLATA_MSC_44_ZL','I');
Insert into EUMOWY.MAPOWANIEKALKULATORA (POLEKALKULATOR,POLEAPREEL,DZIALANIE) values ('0','OPLATA_MSC_51_ZL','I');
Insert into EUMOWY.MAPOWANIEKALKULATORA (POLEKALKULATOR,POLEAPREEL,DZIALANIE) values ('0','OPLATA_MSC_52_ZL','I');
Insert into EUMOWY.MAPOWANIEKALKULATORA (POLEKALKULATOR,POLEAPREEL,DZIALANIE) values ('0','OPLATA_MSC_53_ZL','I');
Insert into EUMOWY.MAPOWANIEKALKULATORA (POLEKALKULATOR,POLEAPREEL,DZIALANIE) values ('0','OPLATA_MSC_54_ZL','I');
Insert into EUMOWY.MAPOWANIEKALKULATORA (POLEKALKULATOR,POLEAPREEL,DZIALANIE) values ('S_MCC','MCC','P');
Insert into EUMOWY.MAPOWANIEKALKULATORA (POLEKALKULATOR,POLEAPREEL,DZIALANIE) values ('NOWE POLE','OPLATA_POS_PROM_CENA_NAJMU','P');
Insert into EUMOWY.MAPOWANIEKALKULATORA (POLEKALKULATOR,POLEAPREEL,DZIALANIE) values ('E_OPLATA_PINPAD_1','TYP_DIALUP_PP_CENA','P');
Insert into EUMOWY.MAPOWANIEKALKULATORA (POLEKALKULATOR,POLEAPREEL,DZIALANIE) values ('E_STAWKA_PP_ORANGE','STAWKA_TELEKODZIK_ORANGE','P');

-- mapowanie sygnatura panel

Insert into EUMOWY.SIGNATURE_PANEL (ID,VERSION,PANEL_ID,SIGNATURE_ID) values ('5','0','4','26');
Insert into EUMOWY.SIGNATURE_PANEL (ID,VERSION,PANEL_ID,SIGNATURE_ID) values ('7','0','7','28');
Insert into EUMOWY.SIGNATURE_PANEL (ID,VERSION,PANEL_ID,SIGNATURE_ID) values ('15','0','4','29');
Insert into EUMOWY.SIGNATURE_PANEL (ID,VERSION,PANEL_ID,SIGNATURE_ID) values ('18','0','30','26');
Insert into EUMOWY.SIGNATURE_PANEL (ID,VERSION,PANEL_ID,SIGNATURE_ID) values ('26','0','7','29');
Insert into EUMOWY.SIGNATURE_PANEL (ID,VERSION,PANEL_ID,SIGNATURE_ID) values ('28','0','30','29');
Insert into EUMOWY.SIGNATURE_PANEL (ID,VERSION,PANEL_ID,SIGNATURE_ID) values ('29','0','38','29');
Insert into EUMOWY.SIGNATURE_PANEL (ID,VERSION,PANEL_ID,SIGNATURE_ID) values ('31','0','4','28');
Insert into EUMOWY.SIGNATURE_PANEL (ID,VERSION,PANEL_ID,SIGNATURE_ID) values ('1','0','34','3');
Insert into EUMOWY.SIGNATURE_PANEL (ID,VERSION,PANEL_ID,SIGNATURE_ID) values ('2','0','32','14');
Insert into EUMOWY.SIGNATURE_PANEL (ID,VERSION,PANEL_ID,SIGNATURE_ID) values ('214','0','7','27');
Insert into EUMOWY.SIGNATURE_PANEL (ID,VERSION,PANEL_ID,SIGNATURE_ID) values ('4','0','7','14');
Insert into EUMOWY.SIGNATURE_PANEL (ID,VERSION,PANEL_ID,SIGNATURE_ID) values ('182','0','26','18');
Insert into EUMOWY.SIGNATURE_PANEL (ID,VERSION,PANEL_ID,SIGNATURE_ID) values ('183','0','42','9');
Insert into EUMOWY.SIGNATURE_PANEL (ID,VERSION,PANEL_ID,SIGNATURE_ID) values ('8','0','30','14');
Insert into EUMOWY.SIGNATURE_PANEL (ID,VERSION,PANEL_ID,SIGNATURE_ID) values ('9','0','38','14');
Insert into EUMOWY.SIGNATURE_PANEL (ID,VERSION,PANEL_ID,SIGNATURE_ID) values ('104','0','48','22');
Insert into EUMOWY.SIGNATURE_PANEL (ID,VERSION,PANEL_ID,SIGNATURE_ID) values ('11','0','4','20');
Insert into EUMOWY.SIGNATURE_PANEL (ID,VERSION,PANEL_ID,SIGNATURE_ID) values ('12','0','7','20');
Insert into EUMOWY.SIGNATURE_PANEL (ID,VERSION,PANEL_ID,SIGNATURE_ID) values ('102','0','11','20');
Insert into EUMOWY.SIGNATURE_PANEL (ID,VERSION,PANEL_ID,SIGNATURE_ID) values ('103','0','11','21');
Insert into EUMOWY.SIGNATURE_PANEL (ID,VERSION,PANEL_ID,SIGNATURE_ID) values ('211','0','24','16');
Insert into EUMOWY.SIGNATURE_PANEL (ID,VERSION,PANEL_ID,SIGNATURE_ID) values ('16','0','30','20');
Insert into EUMOWY.SIGNATURE_PANEL (ID,VERSION,PANEL_ID,SIGNATURE_ID) values ('17','0','38','20');
Insert into EUMOWY.SIGNATURE_PANEL (ID,VERSION,PANEL_ID,SIGNATURE_ID) values ('39','0','38','26');
Insert into EUMOWY.SIGNATURE_PANEL (ID,VERSION,PANEL_ID,SIGNATURE_ID) values ('19','0','21','7');
Insert into EUMOWY.SIGNATURE_PANEL (ID,VERSION,PANEL_ID,SIGNATURE_ID) values ('20','0','31','25');
Insert into EUMOWY.SIGNATURE_PANEL (ID,VERSION,PANEL_ID,SIGNATURE_ID) values ('21','0','31','10');
Insert into EUMOWY.SIGNATURE_PANEL (ID,VERSION,PANEL_ID,SIGNATURE_ID) values ('208','0','4','17');
Insert into EUMOWY.SIGNATURE_PANEL (ID,VERSION,PANEL_ID,SIGNATURE_ID) values ('23','0','31','6');
Insert into EUMOWY.SIGNATURE_PANEL (ID,VERSION,PANEL_ID,SIGNATURE_ID) values ('24','0','31','5');
Insert into EUMOWY.SIGNATURE_PANEL (ID,VERSION,PANEL_ID,SIGNATURE_ID) values ('25','0','32','15');
Insert into EUMOWY.SIGNATURE_PANEL (ID,VERSION,PANEL_ID,SIGNATURE_ID) values ('209','0','33','17');
Insert into EUMOWY.SIGNATURE_PANEL (ID,VERSION,PANEL_ID,SIGNATURE_ID) values ('217','0','42','9');
Insert into EUMOWY.SIGNATURE_PANEL (ID,VERSION,PANEL_ID,SIGNATURE_ID) values ('181','0','48','18');
Insert into EUMOWY.SIGNATURE_PANEL (ID,VERSION,PANEL_ID,SIGNATURE_ID) values ('32','0','3','1');
Insert into EUMOWY.SIGNATURE_PANEL (ID,VERSION,PANEL_ID,SIGNATURE_ID) values ('33','0','4','9');
Insert into EUMOWY.SIGNATURE_PANEL (ID,VERSION,PANEL_ID,SIGNATURE_ID) values ('34','0','4','25');
Insert into EUMOWY.SIGNATURE_PANEL (ID,VERSION,PANEL_ID,SIGNATURE_ID) values ('35','0','4','16');
Insert into EUMOWY.SIGNATURE_PANEL (ID,VERSION,PANEL_ID,SIGNATURE_ID) values ('36','0','4','12');
Insert into EUMOWY.SIGNATURE_PANEL (ID,VERSION,PANEL_ID,SIGNATURE_ID) values ('37','0','4','10');
Insert into EUMOWY.SIGNATURE_PANEL (ID,VERSION,PANEL_ID,SIGNATURE_ID) values ('38','0','4','11');
Insert into EUMOWY.SIGNATURE_PANEL (ID,VERSION,PANEL_ID,SIGNATURE_ID) values ('184','0','15','9');
Insert into EUMOWY.SIGNATURE_PANEL (ID,VERSION,PANEL_ID,SIGNATURE_ID) values ('42','0','4','13');
Insert into EUMOWY.SIGNATURE_PANEL (ID,VERSION,PANEL_ID,SIGNATURE_ID) values ('43','0','4','23');
Insert into EUMOWY.SIGNATURE_PANEL (ID,VERSION,PANEL_ID,SIGNATURE_ID) values ('44','0','4','24');
Insert into EUMOWY.SIGNATURE_PANEL (ID,VERSION,PANEL_ID,SIGNATURE_ID) values ('45','0','4','18');
Insert into EUMOWY.SIGNATURE_PANEL (ID,VERSION,PANEL_ID,SIGNATURE_ID) values ('46','0','4','22');
Insert into EUMOWY.SIGNATURE_PANEL (ID,VERSION,PANEL_ID,SIGNATURE_ID) values ('47','0','4','21');
Insert into EUMOWY.SIGNATURE_PANEL (ID,VERSION,PANEL_ID,SIGNATURE_ID) values ('49','0','6','6');
Insert into EUMOWY.SIGNATURE_PANEL (ID,VERSION,PANEL_ID,SIGNATURE_ID) values ('50','0','6','5');
Insert into EUMOWY.SIGNATURE_PANEL (ID,VERSION,PANEL_ID,SIGNATURE_ID) values ('51','0','6','7');
Insert into EUMOWY.SIGNATURE_PANEL (ID,VERSION,PANEL_ID,SIGNATURE_ID) values ('52','0','7','9');
Insert into EUMOWY.SIGNATURE_PANEL (ID,VERSION,PANEL_ID,SIGNATURE_ID) values ('53','0','7','25');
Insert into EUMOWY.SIGNATURE_PANEL (ID,VERSION,PANEL_ID,SIGNATURE_ID) values ('54','0','7','16');
Insert into EUMOWY.SIGNATURE_PANEL (ID,VERSION,PANEL_ID,SIGNATURE_ID) values ('55','0','7','12');
Insert into EUMOWY.SIGNATURE_PANEL (ID,VERSION,PANEL_ID,SIGNATURE_ID) values ('56','0','7','10');
Insert into EUMOWY.SIGNATURE_PANEL (ID,VERSION,PANEL_ID,SIGNATURE_ID) values ('57','0','7','11');
Insert into EUMOWY.SIGNATURE_PANEL (ID,VERSION,PANEL_ID,SIGNATURE_ID) values ('58','0','7','1');
Insert into EUMOWY.SIGNATURE_PANEL (ID,VERSION,PANEL_ID,SIGNATURE_ID) values ('59','0','7','8');
Insert into EUMOWY.SIGNATURE_PANEL (ID,VERSION,PANEL_ID,SIGNATURE_ID) values ('60','0','7','4');
Insert into EUMOWY.SIGNATURE_PANEL (ID,VERSION,PANEL_ID,SIGNATURE_ID) values ('61','0','7','17');
Insert into EUMOWY.SIGNATURE_PANEL (ID,VERSION,PANEL_ID,SIGNATURE_ID) values ('62','0','7','6');
Insert into EUMOWY.SIGNATURE_PANEL (ID,VERSION,PANEL_ID,SIGNATURE_ID) values ('63','0','7','5');
Insert into EUMOWY.SIGNATURE_PANEL (ID,VERSION,PANEL_ID,SIGNATURE_ID) values ('64','0','7','7');
Insert into EUMOWY.SIGNATURE_PANEL (ID,VERSION,PANEL_ID,SIGNATURE_ID) values ('65','0','7','15');
Insert into EUMOWY.SIGNATURE_PANEL (ID,VERSION,PANEL_ID,SIGNATURE_ID) values ('66','0','7','13');
Insert into EUMOWY.SIGNATURE_PANEL (ID,VERSION,PANEL_ID,SIGNATURE_ID) values ('67','0','7','23');
Insert into EUMOWY.SIGNATURE_PANEL (ID,VERSION,PANEL_ID,SIGNATURE_ID) values ('68','0','7','24');
Insert into EUMOWY.SIGNATURE_PANEL (ID,VERSION,PANEL_ID,SIGNATURE_ID) values ('69','0','7','18');
Insert into EUMOWY.SIGNATURE_PANEL (ID,VERSION,PANEL_ID,SIGNATURE_ID) values ('70','0','7','22');
Insert into EUMOWY.SIGNATURE_PANEL (ID,VERSION,PANEL_ID,SIGNATURE_ID) values ('71','0','7','21');
Insert into EUMOWY.SIGNATURE_PANEL (ID,VERSION,PANEL_ID,SIGNATURE_ID) values ('185','0','44','9');
Insert into EUMOWY.SIGNATURE_PANEL (ID,VERSION,PANEL_ID,SIGNATURE_ID) values ('74','0','9','2');
Insert into EUMOWY.SIGNATURE_PANEL (ID,VERSION,PANEL_ID,SIGNATURE_ID) values ('75','0','10','21');
Insert into EUMOWY.SIGNATURE_PANEL (ID,VERSION,PANEL_ID,SIGNATURE_ID) values ('77','0','12','8');
Insert into EUMOWY.SIGNATURE_PANEL (ID,VERSION,PANEL_ID,SIGNATURE_ID) values ('78','0','12','4');
Insert into EUMOWY.SIGNATURE_PANEL (ID,VERSION,PANEL_ID,SIGNATURE_ID) values ('79','0','12','6');
Insert into EUMOWY.SIGNATURE_PANEL (ID,VERSION,PANEL_ID,SIGNATURE_ID) values ('80','0','12','5');
Insert into EUMOWY.SIGNATURE_PANEL (ID,VERSION,PANEL_ID,SIGNATURE_ID) values ('81','0','12','7');
Insert into EUMOWY.SIGNATURE_PANEL (ID,VERSION,PANEL_ID,SIGNATURE_ID) values ('82','0','12','15');
Insert into EUMOWY.SIGNATURE_PANEL (ID,VERSION,PANEL_ID,SIGNATURE_ID) values ('83','0','13','2');
Insert into EUMOWY.SIGNATURE_PANEL (ID,VERSION,PANEL_ID,SIGNATURE_ID) values ('84','0','14','4');
Insert into EUMOWY.SIGNATURE_PANEL (ID,VERSION,PANEL_ID,SIGNATURE_ID) values ('85','0','14','13');
Insert into EUMOWY.SIGNATURE_PANEL (ID,VERSION,PANEL_ID,SIGNATURE_ID) values ('86','0','15','8');
Insert into EUMOWY.SIGNATURE_PANEL (ID,VERSION,PANEL_ID,SIGNATURE_ID) values ('87','0','15','4');
Insert into EUMOWY.SIGNATURE_PANEL (ID,VERSION,PANEL_ID,SIGNATURE_ID) values ('40','0','7','26');
Insert into EUMOWY.SIGNATURE_PANEL (ID,VERSION,PANEL_ID,SIGNATURE_ID) values ('22','0','31','11');
Insert into EUMOWY.SIGNATURE_PANEL (ID,VERSION,PANEL_ID,SIGNATURE_ID) values ('105','0','26','22');
Insert into EUMOWY.SIGNATURE_PANEL (ID,VERSION,PANEL_ID,SIGNATURE_ID) values ('187','0','17','9');
Insert into EUMOWY.SIGNATURE_PANEL (ID,VERSION,PANEL_ID,SIGNATURE_ID) values ('188','0','44','8');
Insert into EUMOWY.SIGNATURE_PANEL (ID,VERSION,PANEL_ID,SIGNATURE_ID) values ('213','0','4','27');
Insert into EUMOWY.SIGNATURE_PANEL (ID,VERSION,PANEL_ID,SIGNATURE_ID) values ('215','0','38','27');
Insert into EUMOWY.SIGNATURE_PANEL (ID,VERSION,PANEL_ID,SIGNATURE_ID) values ('41','0','36','28');
Insert into EUMOWY.SIGNATURE_PANEL (ID,VERSION,PANEL_ID,SIGNATURE_ID) values ('190','0','26','8');
Insert into EUMOWY.SIGNATURE_PANEL (ID,VERSION,PANEL_ID,SIGNATURE_ID) values ('88','0','38','28');
Insert into EUMOWY.SIGNATURE_PANEL (ID,VERSION,PANEL_ID,SIGNATURE_ID) values ('100','0','22','1');
Insert into EUMOWY.SIGNATURE_PANEL (ID,VERSION,PANEL_ID,SIGNATURE_ID) values ('192','0','44','4');
Insert into EUMOWY.SIGNATURE_PANEL (ID,VERSION,PANEL_ID,SIGNATURE_ID) values ('216','0','30','27');
Insert into EUMOWY.SIGNATURE_PANEL (ID,VERSION,PANEL_ID,SIGNATURE_ID) values ('218','0','50','30');
Insert into EUMOWY.SIGNATURE_PANEL (ID,VERSION,PANEL_ID,SIGNATURE_ID) values ('219','0','51','30');
Insert into EUMOWY.SIGNATURE_PANEL (ID,VERSION,PANEL_ID,SIGNATURE_ID) values ('48','0','4','19');
Insert into EUMOWY.SIGNATURE_PANEL (ID,VERSION,PANEL_ID,SIGNATURE_ID) values ('194','0','26','4');
Insert into EUMOWY.SIGNATURE_PANEL (ID,VERSION,PANEL_ID,SIGNATURE_ID) values ('212','0','5','14');
Insert into EUMOWY.SIGNATURE_PANEL (ID,VERSION,PANEL_ID,SIGNATURE_ID) values ('195','0','24','4');
Insert into EUMOWY.SIGNATURE_PANEL (ID,VERSION,PANEL_ID,SIGNATURE_ID) values ('72','0','7','19');
Insert into EUMOWY.SIGNATURE_PANEL (ID,VERSION,PANEL_ID,SIGNATURE_ID) values ('76','0','10','19');
Insert into EUMOWY.SIGNATURE_PANEL (ID,VERSION,PANEL_ID,SIGNATURE_ID) values ('197','0','48','4');
Insert into EUMOWY.SIGNATURE_PANEL (ID,VERSION,PANEL_ID,SIGNATURE_ID) values ('117','0','27','1');
Insert into EUMOWY.SIGNATURE_PANEL (ID,VERSION,PANEL_ID,SIGNATURE_ID) values ('140','0','30','19');
Insert into EUMOWY.SIGNATURE_PANEL (ID,VERSION,PANEL_ID,SIGNATURE_ID) values ('119','0','29','1');
Insert into EUMOWY.SIGNATURE_PANEL (ID,VERSION,PANEL_ID,SIGNATURE_ID) values ('120','0','30','9');
Insert into EUMOWY.SIGNATURE_PANEL (ID,VERSION,PANEL_ID,SIGNATURE_ID) values ('121','0','30','25');
Insert into EUMOWY.SIGNATURE_PANEL (ID,VERSION,PANEL_ID,SIGNATURE_ID) values ('122','0','30','16');
Insert into EUMOWY.SIGNATURE_PANEL (ID,VERSION,PANEL_ID,SIGNATURE_ID) values ('123','0','30','12');
Insert into EUMOWY.SIGNATURE_PANEL (ID,VERSION,PANEL_ID,SIGNATURE_ID) values ('124','0','30','10');
Insert into EUMOWY.SIGNATURE_PANEL (ID,VERSION,PANEL_ID,SIGNATURE_ID) values ('125','0','30','11');
Insert into EUMOWY.SIGNATURE_PANEL (ID,VERSION,PANEL_ID,SIGNATURE_ID) values ('126','0','30','1');
Insert into EUMOWY.SIGNATURE_PANEL (ID,VERSION,PANEL_ID,SIGNATURE_ID) values ('127','0','30','8');
Insert into EUMOWY.SIGNATURE_PANEL (ID,VERSION,PANEL_ID,SIGNATURE_ID) values ('128','0','30','4');
Insert into EUMOWY.SIGNATURE_PANEL (ID,VERSION,PANEL_ID,SIGNATURE_ID) values ('129','0','30','17');
Insert into EUMOWY.SIGNATURE_PANEL (ID,VERSION,PANEL_ID,SIGNATURE_ID) values ('130','0','30','6');
Insert into EUMOWY.SIGNATURE_PANEL (ID,VERSION,PANEL_ID,SIGNATURE_ID) values ('131','0','30','5');
Insert into EUMOWY.SIGNATURE_PANEL (ID,VERSION,PANEL_ID,SIGNATURE_ID) values ('132','0','30','7');
Insert into EUMOWY.SIGNATURE_PANEL (ID,VERSION,PANEL_ID,SIGNATURE_ID) values ('133','0','30','15');
Insert into EUMOWY.SIGNATURE_PANEL (ID,VERSION,PANEL_ID,SIGNATURE_ID) values ('134','0','30','13');
Insert into EUMOWY.SIGNATURE_PANEL (ID,VERSION,PANEL_ID,SIGNATURE_ID) values ('135','0','30','23');
Insert into EUMOWY.SIGNATURE_PANEL (ID,VERSION,PANEL_ID,SIGNATURE_ID) values ('136','0','30','24');
Insert into EUMOWY.SIGNATURE_PANEL (ID,VERSION,PANEL_ID,SIGNATURE_ID) values ('137','0','30','18');
Insert into EUMOWY.SIGNATURE_PANEL (ID,VERSION,PANEL_ID,SIGNATURE_ID) values ('138','0','30','22');
Insert into EUMOWY.SIGNATURE_PANEL (ID,VERSION,PANEL_ID,SIGNATURE_ID) values ('139','0','30','21');
Insert into EUMOWY.SIGNATURE_PANEL (ID,VERSION,PANEL_ID,SIGNATURE_ID) values ('141','0','35','26');
Insert into EUMOWY.SIGNATURE_PANEL (ID,VERSION,PANEL_ID,SIGNATURE_ID) values ('142','0','30','28');
Insert into EUMOWY.SIGNATURE_PANEL (ID,VERSION,PANEL_ID,SIGNATURE_ID) values ('143','0','37','29');
Insert into EUMOWY.SIGNATURE_PANEL (ID,VERSION,PANEL_ID,SIGNATURE_ID) values ('144','0','38','9');
Insert into EUMOWY.SIGNATURE_PANEL (ID,VERSION,PANEL_ID,SIGNATURE_ID) values ('145','0','38','25');
Insert into EUMOWY.SIGNATURE_PANEL (ID,VERSION,PANEL_ID,SIGNATURE_ID) values ('146','0','38','16');
Insert into EUMOWY.SIGNATURE_PANEL (ID,VERSION,PANEL_ID,SIGNATURE_ID) values ('147','0','38','12');
Insert into EUMOWY.SIGNATURE_PANEL (ID,VERSION,PANEL_ID,SIGNATURE_ID) values ('148','0','38','10');
Insert into EUMOWY.SIGNATURE_PANEL (ID,VERSION,PANEL_ID,SIGNATURE_ID) values ('149','0','38','11');
Insert into EUMOWY.SIGNATURE_PANEL (ID,VERSION,PANEL_ID,SIGNATURE_ID) values ('150','0','38','1');
Insert into EUMOWY.SIGNATURE_PANEL (ID,VERSION,PANEL_ID,SIGNATURE_ID) values ('151','0','38','8');
Insert into EUMOWY.SIGNATURE_PANEL (ID,VERSION,PANEL_ID,SIGNATURE_ID) values ('152','0','38','4');
Insert into EUMOWY.SIGNATURE_PANEL (ID,VERSION,PANEL_ID,SIGNATURE_ID) values ('153','0','38','17');
Insert into EUMOWY.SIGNATURE_PANEL (ID,VERSION,PANEL_ID,SIGNATURE_ID) values ('154','0','38','6');
Insert into EUMOWY.SIGNATURE_PANEL (ID,VERSION,PANEL_ID,SIGNATURE_ID) values ('155','0','38','5');
Insert into EUMOWY.SIGNATURE_PANEL (ID,VERSION,PANEL_ID,SIGNATURE_ID) values ('156','0','38','7');
Insert into EUMOWY.SIGNATURE_PANEL (ID,VERSION,PANEL_ID,SIGNATURE_ID) values ('157','0','38','15');
Insert into EUMOWY.SIGNATURE_PANEL (ID,VERSION,PANEL_ID,SIGNATURE_ID) values ('158','0','38','13');
Insert into EUMOWY.SIGNATURE_PANEL (ID,VERSION,PANEL_ID,SIGNATURE_ID) values ('159','0','38','23');
Insert into EUMOWY.SIGNATURE_PANEL (ID,VERSION,PANEL_ID,SIGNATURE_ID) values ('160','0','38','24');
Insert into EUMOWY.SIGNATURE_PANEL (ID,VERSION,PANEL_ID,SIGNATURE_ID) values ('161','0','38','18');
Insert into EUMOWY.SIGNATURE_PANEL (ID,VERSION,PANEL_ID,SIGNATURE_ID) values ('162','0','38','22');
Insert into EUMOWY.SIGNATURE_PANEL (ID,VERSION,PANEL_ID,SIGNATURE_ID) values ('163','0','38','21');
Insert into EUMOWY.SIGNATURE_PANEL (ID,VERSION,PANEL_ID,SIGNATURE_ID) values ('165','0','44','2');
Insert into EUMOWY.SIGNATURE_PANEL (ID,VERSION,PANEL_ID,SIGNATURE_ID) values ('164','0','38','19');
Insert into EUMOWY.SIGNATURE_PANEL (ID,VERSION,PANEL_ID,SIGNATURE_ID) values ('199','0','47','15');
Insert into EUMOWY.SIGNATURE_PANEL (ID,VERSION,PANEL_ID,SIGNATURE_ID) values ('169','0','46','8');
Insert into EUMOWY.SIGNATURE_PANEL (ID,VERSION,PANEL_ID,SIGNATURE_ID) values ('170','0','46','4');
Insert into EUMOWY.SIGNATURE_PANEL (ID,VERSION,PANEL_ID,SIGNATURE_ID) values ('171','0','16','8');
Insert into EUMOWY.SIGNATURE_PANEL (ID,VERSION,PANEL_ID,SIGNATURE_ID) values ('200','0','21','12');
Insert into EUMOWY.SIGNATURE_PANEL (ID,VERSION,PANEL_ID,SIGNATURE_ID) values ('201','0','10','20');
Insert into EUMOWY.SIGNATURE_PANEL (ID,VERSION,PANEL_ID,SIGNATURE_ID) values ('206','0','16','4');


-- definicje podpisow na sygnaturach
Insert into EUMOWY.SUBSCRIPTION_DEFINITION (ID,VERSION,SIGNATURE_ID,ROLE,FILE_NAME,SUBSCRIPTION_PAGE_NUMBER,SUBSCRIPTIONX,SUBSCRIPTIONY,SCALEX,SCALEY) SELECT EUMOWY.SUBSCRIPTION_DEFINITION_SEQ.NEXTVAL,'0',s.id,'PH',null,'1','435','15','74','43' FROM EUMOWY.SIGNATURE s where name = 'AP-AG/F/DF/2.003/12-02-06';
Insert into EUMOWY.SUBSCRIPTION_DEFINITION (ID,VERSION,SIGNATURE_ID,ROLE,FILE_NAME,SUBSCRIPTION_PAGE_NUMBER,SUBSCRIPTIONX,SUBSCRIPTIONY,SCALEX,SCALEY) SELECT EUMOWY.SUBSCRIPTION_DEFINITION_SEQ.NEXTVAL,'0',s.id,'PH',null,'1','150','15','74','43' FROM EUMOWY.SIGNATURE s where name = 'AP-AG/F/DF/2.003/12-02-06';
Insert into EUMOWY.SUBSCRIPTION_DEFINITION (ID,VERSION,SIGNATURE_ID,ROLE,FILE_NAME,SUBSCRIPTION_PAGE_NUMBER,SUBSCRIPTIONX,SUBSCRIPTIONY,SCALEX,SCALEY) SELECT EUMOWY.SUBSCRIPTION_DEFINITION_SEQ.NEXTVAL,'0',s.id,'PH',null,'2','60','175','74','43' FROM EUMOWY.SIGNATURE s where name = 'AP-AG/F/DP/2.003/13-05-10';
Insert into EUMOWY.SUBSCRIPTION_DEFINITION (ID,VERSION,SIGNATURE_ID,ROLE,FILE_NAME,SUBSCRIPTION_PAGE_NUMBER,SUBSCRIPTIONX,SUBSCRIPTIONY,SCALEX,SCALEY) SELECT EUMOWY.SUBSCRIPTION_DEFINITION_SEQ.NEXTVAL,'0',s.id,'PH',null,'2','190','175','74','43' FROM EUMOWY.SIGNATURE s where name = 'AP-AG/F/DP/2.003/13-05-10';
Insert into EUMOWY.SUBSCRIPTION_DEFINITION (ID,VERSION,SIGNATURE_ID,ROLE,FILE_NAME,SUBSCRIPTION_PAGE_NUMBER,SUBSCRIPTIONX,SUBSCRIPTIONY,SCALEX,SCALEY) SELECT EUMOWY.SUBSCRIPTION_DEFINITION_SEQ.NEXTVAL,'0',s.id,'ACCEPTANT1',null,'2','370','225','74','43' FROM EUMOWY.SIGNATURE s where name = 'AP-AG/F/DP/2.003/13-05-10';
Insert into EUMOWY.SUBSCRIPTION_DEFINITION (ID,VERSION,SIGNATURE_ID,ROLE,FILE_NAME,SUBSCRIPTION_PAGE_NUMBER,SUBSCRIPTIONX,SUBSCRIPTIONY,SCALEX,SCALEY) SELECT EUMOWY.SUBSCRIPTION_DEFINITION_SEQ.NEXTVAL,'0',s.id,'ACCEPTANT2',null,'2','470','225','74','43' FROM EUMOWY.SIGNATURE s where name = 'AP-AG/F/DP/2.003/13-05-10';
Insert into EUMOWY.SUBSCRIPTION_DEFINITION (ID,VERSION,SIGNATURE_ID,ROLE,FILE_NAME,SUBSCRIPTION_PAGE_NUMBER,SUBSCRIPTIONX,SUBSCRIPTIONY,SCALEX,SCALEY) SELECT EUMOWY.SUBSCRIPTION_DEFINITION_SEQ.NEXTVAL,'0',s.id,'PH',null,'1','90','22','74','43' FROM EUMOWY.SIGNATURE s where name = 'AP/F/DS/2.000/09-04-22';
Insert into EUMOWY.SUBSCRIPTION_DEFINITION (ID,VERSION,SIGNATURE_ID,ROLE,FILE_NAME,SUBSCRIPTION_PAGE_NUMBER,SUBSCRIPTIONX,SUBSCRIPTIONY,SCALEX,SCALEY) SELECT EUMOWY.SUBSCRIPTION_DEFINITION_SEQ.NEXTVAL,'0',s.id,'ACCEPTANT1',null,'4','70','165','74','43' FROM EUMOWY.SIGNATURE s where name = 'AP/UNTZ/2.003/12-01-16';
Insert into EUMOWY.SUBSCRIPTION_DEFINITION (ID,VERSION,SIGNATURE_ID,ROLE,FILE_NAME,SUBSCRIPTION_PAGE_NUMBER,SUBSCRIPTIONX,SUBSCRIPTIONY,SCALEX,SCALEY) SELECT EUMOWY.SUBSCRIPTION_DEFINITION_SEQ.NEXTVAL,'0',s.id,'ACCEPTANT2',null,'4','190','165','74','43' FROM EUMOWY.SIGNATURE s where name = 'AP/UNTZ/2.003/12-01-16';
Insert into EUMOWY.SUBSCRIPTION_DEFINITION (ID,VERSION,SIGNATURE_ID,ROLE,FILE_NAME,SUBSCRIPTION_PAGE_NUMBER,SUBSCRIPTIONX,SUBSCRIPTIONY,SCALEX,SCALEY) SELECT EUMOWY.SUBSCRIPTION_DEFINITION_SEQ.NEXTVAL,'0',s.id,'ZARZAD1','podpis_zarzad_1.png','4','320','165','85','58' FROM EUMOWY.SIGNATURE s where name = 'AP/UNTZ/2.003/12-01-16';
Insert into EUMOWY.SUBSCRIPTION_DEFINITION (ID,VERSION,SIGNATURE_ID,ROLE,FILE_NAME,SUBSCRIPTION_PAGE_NUMBER,SUBSCRIPTIONX,SUBSCRIPTIONY,SCALEX,SCALEY) SELECT EUMOWY.SUBSCRIPTION_DEFINITION_SEQ.NEXTVAL,'0',s.id,'ZARZAD2','podpis_zarzad_2.png','4','450','165','56','58' FROM EUMOWY.SIGNATURE s where name = 'AP/UNTZ/2.003/12-01-16';
Insert into EUMOWY.SUBSCRIPTION_DEFINITION (ID,VERSION,SIGNATURE_ID,ROLE,FILE_NAME,SUBSCRIPTION_PAGE_NUMBER,SUBSCRIPTIONX,SUBSCRIPTIONY,SCALEX,SCALEY) SELECT EUMOWY.SUBSCRIPTION_DEFINITION_SEQ.NEXTVAL,'0',s.id,'PH',null,'4','447','30','74','43' FROM EUMOWY.SIGNATURE s where name = 'AP/UNTZ/2.003/12-01-16';
Insert into EUMOWY.SUBSCRIPTION_DEFINITION (ID,VERSION,SIGNATURE_ID,ROLE,FILE_NAME,SUBSCRIPTION_PAGE_NUMBER,SUBSCRIPTIONX,SUBSCRIPTIONY,SCALEX,SCALEY) SELECT EUMOWY.SUBSCRIPTION_DEFINITION_SEQ.NEXTVAL,'0',s.id,'ACCEPTANT1',null,'4','80','320','74','43' FROM EUMOWY.SIGNATURE s where name = 'AP/UPZBS/2.001/13-08-06';
Insert into EUMOWY.SUBSCRIPTION_DEFINITION (ID,VERSION,SIGNATURE_ID,ROLE,FILE_NAME,SUBSCRIPTION_PAGE_NUMBER,SUBSCRIPTIONX,SUBSCRIPTIONY,SCALEX,SCALEY) SELECT EUMOWY.SUBSCRIPTION_DEFINITION_SEQ.NEXTVAL,'0',s.id,'ACCEPTANT2',null,'4','200','320','74','43' FROM EUMOWY.SIGNATURE s where name = 'AP/UPZBS/2.001/13-08-06';
Insert into EUMOWY.SUBSCRIPTION_DEFINITION (ID,VERSION,SIGNATURE_ID,ROLE,FILE_NAME,SUBSCRIPTION_PAGE_NUMBER,SUBSCRIPTIONX,SUBSCRIPTIONY,SCALEX,SCALEY) SELECT EUMOWY.SUBSCRIPTION_DEFINITION_SEQ.NEXTVAL,'0',s.id,'ZARZAD1','podpis_zarzad_1.png','4','330','320','85','58' FROM EUMOWY.SIGNATURE s where name = 'AP/UPZBS/2.001/13-08-06';
Insert into EUMOWY.SUBSCRIPTION_DEFINITION (ID,VERSION,SIGNATURE_ID,ROLE,FILE_NAME,SUBSCRIPTION_PAGE_NUMBER,SUBSCRIPTIONX,SUBSCRIPTIONY,SCALEX,SCALEY) SELECT EUMOWY.SUBSCRIPTION_DEFINITION_SEQ.NEXTVAL,'0',s.id,'ZARZAD2','podpis_zarzad_2.png','4','460','320','56','58' FROM EUMOWY.SIGNATURE s where name = 'AP/UPZBS/2.001/13-08-06';
Insert into EUMOWY.SUBSCRIPTION_DEFINITION (ID,VERSION,SIGNATURE_ID,ROLE,FILE_NAME,SUBSCRIPTION_PAGE_NUMBER,SUBSCRIPTIONX,SUBSCRIPTIONY,SCALEX,SCALEY) SELECT EUMOWY.SUBSCRIPTION_DEFINITION_SEQ.NEXTVAL,'0',s.id,'PH',null,'4','450','200','74','43' FROM EUMOWY.SIGNATURE s where name = 'AP/UPZBS/2.001/13-08-06';
--Insert into EUMOWY.SUBSCRIPTION_DEFINITION (ID,VERSION,SIGNATURE_ID,ROLE,FILE_NAME,SUBSCRIPTION_PAGE_NUMBER,SUBSCRIPTIONX,SUBSCRIPTIONY,SCALEX,SCALEY) SELECT EUMOWY.SUBSCRIPTION_DEFINITION_SEQ.NEXTVAL,'0',s.id,'ACCEPTANT1',null,'4','90','308','74','43' FROM EUMOWY.SIGNATURE s where name = 'AP/UPZ/2.000/13-01-03';
--Insert into EUMOWY.SUBSCRIPTION_DEFINITION (ID,VERSION,SIGNATURE_ID,ROLE,FILE_NAME,SUBSCRIPTION_PAGE_NUMBER,SUBSCRIPTIONX,SUBSCRIPTIONY,SCALEX,SCALEY) SELECT EUMOWY.SUBSCRIPTION_DEFINITION_SEQ.NEXTVAL,'0',s.id,'ACCEPTANT2',null,'4','210','308','74','43' FROM EUMOWY.SIGNATURE s where name = 'AP/UPZ/2.000/13-01-03';
--Insert into EUMOWY.SUBSCRIPTION_DEFINITION (ID,VERSION,SIGNATURE_ID,ROLE,FILE_NAME,SUBSCRIPTION_PAGE_NUMBER,SUBSCRIPTIONX,SUBSCRIPTIONY,SCALEX,SCALEY) SELECT EUMOWY.SUBSCRIPTION_DEFINITION_SEQ.NEXTVAL,'0',s.id,'ZARZAD1','podpis_zarzad_1.png','4','340','308','85','58' FROM EUMOWY.SIGNATURE s where name = 'AP/UPZ/2.000/13-01-03';
--Insert into EUMOWY.SUBSCRIPTION_DEFINITION (ID,VERSION,SIGNATURE_ID,ROLE,FILE_NAME,SUBSCRIPTION_PAGE_NUMBER,SUBSCRIPTIONX,SUBSCRIPTIONY,SCALEX,SCALEY) SELECT EUMOWY.SUBSCRIPTION_DEFINITION_SEQ.NEXTVAL,'0',s.id,'ZARZAD2','podpis_zarzad_2.png','4','470','308','56','58' FROM EUMOWY.SIGNATURE s where name = 'AP/UPZ/2.000/13-01-03';
--Insert into EUMOWY.SUBSCRIPTION_DEFINITION (ID,VERSION,SIGNATURE_ID,ROLE,FILE_NAME,SUBSCRIPTION_PAGE_NUMBER,SUBSCRIPTIONX,SUBSCRIPTIONY,SCALEX,SCALEY) SELECT EUMOWY.SUBSCRIPTION_DEFINITION_SEQ.NEXTVAL,'0',s.id,'PH',null,'4','458','188','74','43' FROM EUMOWY.SIGNATURE s where name = 'AP/UPZ/2.000/13-01-03';
Insert into EUMOWY.SUBSCRIPTION_DEFINITION (ID,VERSION,SIGNATURE_ID,ROLE,FILE_NAME,SUBSCRIPTION_PAGE_NUMBER,SUBSCRIPTIONX,SUBSCRIPTIONY,SCALEX,SCALEY) SELECT EUMOWY.SUBSCRIPTION_DEFINITION_SEQ.NEXTVAL,'0',s.id,'ACCEPTANT1',null,'4','80','305','74','43' FROM EUMOWY.SIGNATURE s where name = 'AP/UPZIF/2.001/13-08-06';
Insert into EUMOWY.SUBSCRIPTION_DEFINITION (ID,VERSION,SIGNATURE_ID,ROLE,FILE_NAME,SUBSCRIPTION_PAGE_NUMBER,SUBSCRIPTIONX,SUBSCRIPTIONY,SCALEX,SCALEY) SELECT EUMOWY.SUBSCRIPTION_DEFINITION_SEQ.NEXTVAL,'0',s.id,'ACCEPTANT2',null,'4','200','305','74','43' FROM EUMOWY.SIGNATURE s where name = 'AP/UPZIF/2.001/13-08-06';
Insert into EUMOWY.SUBSCRIPTION_DEFINITION (ID,VERSION,SIGNATURE_ID,ROLE,FILE_NAME,SUBSCRIPTION_PAGE_NUMBER,SUBSCRIPTIONX,SUBSCRIPTIONY,SCALEX,SCALEY) SELECT EUMOWY.SUBSCRIPTION_DEFINITION_SEQ.NEXTVAL,'0',s.id,'ZARZAD1','podpis_zarzad_1.png','4','330','305','85','58' FROM EUMOWY.SIGNATURE s where name = 'AP/UPZIF/2.001/13-08-06';
Insert into EUMOWY.SUBSCRIPTION_DEFINITION (ID,VERSION,SIGNATURE_ID,ROLE,FILE_NAME,SUBSCRIPTION_PAGE_NUMBER,SUBSCRIPTIONX,SUBSCRIPTIONY,SCALEX,SCALEY) SELECT EUMOWY.SUBSCRIPTION_DEFINITION_SEQ.NEXTVAL,'0',s.id,'ZARZAD2','podpis_zarzad_2.png','4','460','305','56','58' FROM EUMOWY.SIGNATURE s where name = 'AP/UPZIF/2.001/13-08-06';
Insert into EUMOWY.SUBSCRIPTION_DEFINITION (ID,VERSION,SIGNATURE_ID,ROLE,FILE_NAME,SUBSCRIPTION_PAGE_NUMBER,SUBSCRIPTIONX,SUBSCRIPTIONY,SCALEX,SCALEY) SELECT EUMOWY.SUBSCRIPTION_DEFINITION_SEQ.NEXTVAL,'0',s.id,'PH',null,'4','455','180','74','43' FROM EUMOWY.SIGNATURE s where name = 'AP/UPZIF/2.001/13-08-06';
Insert into EUMOWY.SUBSCRIPTION_DEFINITION (ID,VERSION,SIGNATURE_ID,ROLE,FILE_NAME,SUBSCRIPTION_PAGE_NUMBER,SUBSCRIPTIONX,SUBSCRIPTIONY,SCALEX,SCALEY) SELECT EUMOWY.SUBSCRIPTION_DEFINITION_SEQ.NEXTVAL,'0',s.id,'ACCEPTANT1',null,'4','65','165','74','43' FROM EUMOWY.SIGNATURE s where name = 'AP/UNTSA/1.003/12-01-16';
Insert into EUMOWY.SUBSCRIPTION_DEFINITION (ID,VERSION,SIGNATURE_ID,ROLE,FILE_NAME,SUBSCRIPTION_PAGE_NUMBER,SUBSCRIPTIONX,SUBSCRIPTIONY,SCALEX,SCALEY) SELECT EUMOWY.SUBSCRIPTION_DEFINITION_SEQ.NEXTVAL,'0',s.id,'ACCEPTANT2',null,'4','185','165','74','43' FROM EUMOWY.SIGNATURE s where name = 'AP/UNTSA/1.003/12-01-16';
Insert into EUMOWY.SUBSCRIPTION_DEFINITION (ID,VERSION,SIGNATURE_ID,ROLE,FILE_NAME,SUBSCRIPTION_PAGE_NUMBER,SUBSCRIPTIONX,SUBSCRIPTIONY,SCALEX,SCALEY) SELECT EUMOWY.SUBSCRIPTION_DEFINITION_SEQ.NEXTVAL,'0',s.id,'ZARZAD1','podpis_zarzad_1.png','4','315','165','85','58' FROM EUMOWY.SIGNATURE s where name = 'AP/UNTSA/1.003/12-01-16';
Insert into EUMOWY.SUBSCRIPTION_DEFINITION (ID,VERSION,SIGNATURE_ID,ROLE,FILE_NAME,SUBSCRIPTION_PAGE_NUMBER,SUBSCRIPTIONX,SUBSCRIPTIONY,SCALEX,SCALEY) SELECT EUMOWY.SUBSCRIPTION_DEFINITION_SEQ.NEXTVAL,'0',s.id,'ZARZAD2','podpis_zarzad_2.png','4','445','165','56','58' FROM EUMOWY.SIGNATURE s where name = 'AP/UNTSA/1.003/12-01-16';
Insert into EUMOWY.SUBSCRIPTION_DEFINITION (ID,VERSION,SIGNATURE_ID,ROLE,FILE_NAME,SUBSCRIPTION_PAGE_NUMBER,SUBSCRIPTIONX,SUBSCRIPTIONY,SCALEX,SCALEY) SELECT EUMOWY.SUBSCRIPTION_DEFINITION_SEQ.NEXTVAL,'0',s.id,'PH',null,'4','455','70','74','43' FROM EUMOWY.SIGNATURE s where name = 'AP/UNTSA/1.003/12-01-16';
Insert into EUMOWY.SUBSCRIPTION_DEFINITION (ID,VERSION,SIGNATURE_ID,ROLE,FILE_NAME,SUBSCRIPTION_PAGE_NUMBER,SUBSCRIPTIONX,SUBSCRIPTIONY,SCALEX,SCALEY) SELECT EUMOWY.SUBSCRIPTION_DEFINITION_SEQ.NEXTVAL,'0',s.id,'ACCEPTANT1',null,'2','85','395','74','43' FROM EUMOWY.SIGNATURE s where name = 'AP/UNTSZ/APOU/3.002/12-01-16';
Insert into EUMOWY.SUBSCRIPTION_DEFINITION (ID,VERSION,SIGNATURE_ID,ROLE,FILE_NAME,SUBSCRIPTION_PAGE_NUMBER,SUBSCRIPTIONX,SUBSCRIPTIONY,SCALEX,SCALEY) SELECT EUMOWY.SUBSCRIPTION_DEFINITION_SEQ.NEXTVAL,'0',s.id,'ACCEPTANT2',null,'2','205','395','74','43' FROM EUMOWY.SIGNATURE s where name = 'AP/UNTSZ/APOU/3.002/12-01-16';
Insert into EUMOWY.SUBSCRIPTION_DEFINITION (ID,VERSION,SIGNATURE_ID,ROLE,FILE_NAME,SUBSCRIPTION_PAGE_NUMBER,SUBSCRIPTIONX,SUBSCRIPTIONY,SCALEX,SCALEY) SELECT EUMOWY.SUBSCRIPTION_DEFINITION_SEQ.NEXTVAL,'0',s.id,'ZARZAD1','podpis_zarzad_1.png','2','335','395','85','58' FROM EUMOWY.SIGNATURE s where name = 'AP/UNTSZ/APOU/3.002/12-01-16';
Insert into EUMOWY.SUBSCRIPTION_DEFINITION (ID,VERSION,SIGNATURE_ID,ROLE,FILE_NAME,SUBSCRIPTION_PAGE_NUMBER,SUBSCRIPTIONX,SUBSCRIPTIONY,SCALEX,SCALEY) SELECT EUMOWY.SUBSCRIPTION_DEFINITION_SEQ.NEXTVAL,'0',s.id,'ZARZAD2','podpis_zarzad_2.png','2','465','395','56','58' FROM EUMOWY.SIGNATURE s where name = 'AP/UNTSZ/APOU/3.002/12-01-16';
Insert into EUMOWY.SUBSCRIPTION_DEFINITION (ID,VERSION,SIGNATURE_ID,ROLE,FILE_NAME,SUBSCRIPTION_PAGE_NUMBER,SUBSCRIPTIONX,SUBSCRIPTIONY,SCALEX,SCALEY) SELECT EUMOWY.SUBSCRIPTION_DEFINITION_SEQ.NEXTVAL,'0',s.id,'PH',null,'2','455','275','74','43' FROM EUMOWY.SIGNATURE s where name = 'AP/UNTSZ/APOU/3.002/12-01-16';
Insert into EUMOWY.SUBSCRIPTION_DEFINITION (ID,VERSION,SIGNATURE_ID,ROLE,FILE_NAME,SUBSCRIPTION_PAGE_NUMBER,SUBSCRIPTIONX,SUBSCRIPTIONY,SCALEX,SCALEY) SELECT EUMOWY.SUBSCRIPTION_DEFINITION_SEQ.NEXTVAL,'0',s.id,'ACCEPTANT1',null,'1','85','180','74','43' FROM EUMOWY.SIGNATURE s where name = 'AP/UPZ/AWNZBS/1.001/13-08-06';
Insert into EUMOWY.SUBSCRIPTION_DEFINITION (ID,VERSION,SIGNATURE_ID,ROLE,FILE_NAME,SUBSCRIPTION_PAGE_NUMBER,SUBSCRIPTIONX,SUBSCRIPTIONY,SCALEX,SCALEY) SELECT EUMOWY.SUBSCRIPTION_DEFINITION_SEQ.NEXTVAL,'0',s.id,'ACCEPTANT2',null,'1','205','180','74','43' FROM EUMOWY.SIGNATURE s where name = 'AP/UPZ/AWNZBS/1.001/13-08-06';
Insert into EUMOWY.SUBSCRIPTION_DEFINITION (ID,VERSION,SIGNATURE_ID,ROLE,FILE_NAME,SUBSCRIPTION_PAGE_NUMBER,SUBSCRIPTIONX,SUBSCRIPTIONY,SCALEX,SCALEY) SELECT EUMOWY.SUBSCRIPTION_DEFINITION_SEQ.NEXTVAL,'0',s.id,'ZARZAD1','podpis_zarzad_1.png','1','335','180','85','58' FROM EUMOWY.SIGNATURE s where name = 'AP/UPZ/AWNZBS/1.001/13-08-06';
Insert into EUMOWY.SUBSCRIPTION_DEFINITION (ID,VERSION,SIGNATURE_ID,ROLE,FILE_NAME,SUBSCRIPTION_PAGE_NUMBER,SUBSCRIPTIONX,SUBSCRIPTIONY,SCALEX,SCALEY) SELECT EUMOWY.SUBSCRIPTION_DEFINITION_SEQ.NEXTVAL,'0',s.id,'ZARZAD2','podpis_zarzad_2.png','1','465','180','56','58' FROM EUMOWY.SIGNATURE s where name = 'AP/UPZ/AWNZBS/1.001/13-08-06';
Insert into EUMOWY.SUBSCRIPTION_DEFINITION (ID,VERSION,SIGNATURE_ID,ROLE,FILE_NAME,SUBSCRIPTION_PAGE_NUMBER,SUBSCRIPTIONX,SUBSCRIPTIONY,SCALEX,SCALEY) SELECT EUMOWY.SUBSCRIPTION_DEFINITION_SEQ.NEXTVAL,'0',s.id,'PH',null,'1','455','80','74','43' FROM EUMOWY.SIGNATURE s where name = 'AP/UPZ/AWNZBS/1.001/13-08-06';
--Insert into EUMOWY.SUBSCRIPTION_DEFINITION (ID,VERSION,SIGNATURE_ID,ROLE,FILE_NAME,SUBSCRIPTION_PAGE_NUMBER,SUBSCRIPTIONX,SUBSCRIPTIONY,SCALEX,SCALEY) SELECT EUMOWY.SUBSCRIPTION_DEFINITION_SEQ.NEXTVAL,'0',s.id,'ACCEPTANT1',null,'1','80','180','74','43' FROM EUMOWY.SIGNATURE s where name = 'AP/UPZ/AWNZS/1.000/13-01-25';
--Insert into EUMOWY.SUBSCRIPTION_DEFINITION (ID,VERSION,SIGNATURE_ID,ROLE,FILE_NAME,SUBSCRIPTION_PAGE_NUMBER,SUBSCRIPTIONX,SUBSCRIPTIONY,SCALEX,SCALEY) SELECT EUMOWY.SUBSCRIPTION_DEFINITION_SEQ.NEXTVAL,'0',s.id,'ACCEPTANT2',null,'1','200','180','74','43' FROM EUMOWY.SIGNATURE s where name = 'AP/UPZ/AWNZS/1.000/13-01-25';
--Insert into EUMOWY.SUBSCRIPTION_DEFINITION (ID,VERSION,SIGNATURE_ID,ROLE,FILE_NAME,SUBSCRIPTION_PAGE_NUMBER,SUBSCRIPTIONX,SUBSCRIPTIONY,SCALEX,SCALEY) SELECT EUMOWY.SUBSCRIPTION_DEFINITION_SEQ.NEXTVAL,'0',s.id,'ZARZAD1','podpis_zarzad_1.png','1','330','180','85','58' FROM EUMOWY.SIGNATURE s where name = 'AP/UPZ/AWNZS/1.000/13-01-25';
--Insert into EUMOWY.SUBSCRIPTION_DEFINITION (ID,VERSION,SIGNATURE_ID,ROLE,FILE_NAME,SUBSCRIPTION_PAGE_NUMBER,SUBSCRIPTIONX,SUBSCRIPTIONY,SCALEX,SCALEY) SELECT EUMOWY.SUBSCRIPTION_DEFINITION_SEQ.NEXTVAL,'0',s.id,'ZARZAD2','podpis_zarzad_2.png','1','460','180','56','58' FROM EUMOWY.SIGNATURE s where name = 'AP/UPZ/AWNZS/1.000/13-01-25';
--Insert into EUMOWY.SUBSCRIPTION_DEFINITION (ID,VERSION,SIGNATURE_ID,ROLE,FILE_NAME,SUBSCRIPTION_PAGE_NUMBER,SUBSCRIPTIONX,SUBSCRIPTIONY,SCALEX,SCALEY) SELECT EUMOWY.SUBSCRIPTION_DEFINITION_SEQ.NEXTVAL,'0',s.id,'PH',null,'1','445','80','74','43' FROM EUMOWY.SIGNATURE s where name = 'AP/UPZ/AWNZS/1.000/13-01-25';
Insert into EUMOWY.SUBSCRIPTION_DEFINITION (ID,VERSION,SIGNATURE_ID,ROLE,FILE_NAME,SUBSCRIPTION_PAGE_NUMBER,SUBSCRIPTIONX,SUBSCRIPTIONY,SCALEX,SCALEY) SELECT EUMOWY.SUBSCRIPTION_DEFINITION_SEQ.NEXTVAL,'0',s.id,'ACCEPTANT1',null,'2','80','460','74','43' FROM EUMOWY.SIGNATURE s where name = 'AP/UPZ/IF/2.002/13-08-06';
Insert into EUMOWY.SUBSCRIPTION_DEFINITION (ID,VERSION,SIGNATURE_ID,ROLE,FILE_NAME,SUBSCRIPTION_PAGE_NUMBER,SUBSCRIPTIONX,SUBSCRIPTIONY,SCALEX,SCALEY) SELECT EUMOWY.SUBSCRIPTION_DEFINITION_SEQ.NEXTVAL,'0',s.id,'ACCEPTANT2',null,'2','200','460','74','43' FROM EUMOWY.SIGNATURE s where name = 'AP/UPZ/IF/2.002/13-08-06';
Insert into EUMOWY.SUBSCRIPTION_DEFINITION (ID,VERSION,SIGNATURE_ID,ROLE,FILE_NAME,SUBSCRIPTION_PAGE_NUMBER,SUBSCRIPTIONX,SUBSCRIPTIONY,SCALEX,SCALEY) SELECT EUMOWY.SUBSCRIPTION_DEFINITION_SEQ.NEXTVAL,'0',s.id,'ZARZAD1','podpis_zarzad_1.png','2','330','460','85','58' FROM EUMOWY.SIGNATURE s where name = 'AP/UPZ/IF/2.002/13-08-06';
Insert into EUMOWY.SUBSCRIPTION_DEFINITION (ID,VERSION,SIGNATURE_ID,ROLE,FILE_NAME,SUBSCRIPTION_PAGE_NUMBER,SUBSCRIPTIONX,SUBSCRIPTIONY,SCALEX,SCALEY) SELECT EUMOWY.SUBSCRIPTION_DEFINITION_SEQ.NEXTVAL,'0',s.id,'ZARZAD2','podpis_zarzad_2.png','2','460','460','56','58' FROM EUMOWY.SIGNATURE s where name = 'AP/UPZ/IF/2.002/13-08-06';
Insert into EUMOWY.SUBSCRIPTION_DEFINITION (ID,VERSION,SIGNATURE_ID,ROLE,FILE_NAME,SUBSCRIPTION_PAGE_NUMBER,SUBSCRIPTIONX,SUBSCRIPTIONY,SCALEX,SCALEY) SELECT EUMOWY.SUBSCRIPTION_DEFINITION_SEQ.NEXTVAL,'0',s.id,'PH',null,'2','450','320','74','43' FROM EUMOWY.SIGNATURE s where name = 'AP/UPZ/IF/2.002/13-08-06';
Insert into EUMOWY.SUBSCRIPTION_DEFINITION (ID,VERSION,SIGNATURE_ID,ROLE,FILE_NAME,SUBSCRIPTION_PAGE_NUMBER,SUBSCRIPTIONX,SUBSCRIPTIONY,SCALEX,SCALEY) SELECT EUMOWY.SUBSCRIPTION_DEFINITION_SEQ.NEXTVAL,'0',s.id,'ACCEPTANT1',null,'1','85','370','74','43' FROM EUMOWY.SIGNATURE s where name = 'AP/UNTSZ/AWNZ/3.002/12-01-16';
Insert into EUMOWY.SUBSCRIPTION_DEFINITION (ID,VERSION,SIGNATURE_ID,ROLE,FILE_NAME,SUBSCRIPTION_PAGE_NUMBER,SUBSCRIPTIONX,SUBSCRIPTIONY,SCALEX,SCALEY) SELECT EUMOWY.SUBSCRIPTION_DEFINITION_SEQ.NEXTVAL,'0',s.id,'ACCEPTANT2',null,'1','205','370','74','43' FROM EUMOWY.SIGNATURE s where name = 'AP/UNTSZ/AWNZ/3.002/12-01-16';
Insert into EUMOWY.SUBSCRIPTION_DEFINITION (ID,VERSION,SIGNATURE_ID,ROLE,FILE_NAME,SUBSCRIPTION_PAGE_NUMBER,SUBSCRIPTIONX,SUBSCRIPTIONY,SCALEX,SCALEY) SELECT EUMOWY.SUBSCRIPTION_DEFINITION_SEQ.NEXTVAL,'0',s.id,'ZARZAD1','podpis_zarzad_1.png','1','335','370','85','58' FROM EUMOWY.SIGNATURE s where name = 'AP/UNTSZ/AWNZ/3.002/12-01-16';
Insert into EUMOWY.SUBSCRIPTION_DEFINITION (ID,VERSION,SIGNATURE_ID,ROLE,FILE_NAME,SUBSCRIPTION_PAGE_NUMBER,SUBSCRIPTIONX,SUBSCRIPTIONY,SCALEX,SCALEY) SELECT EUMOWY.SUBSCRIPTION_DEFINITION_SEQ.NEXTVAL,'0',s.id,'ZARZAD2','podpis_zarzad_2.png','1','465','370','56','58' FROM EUMOWY.SIGNATURE s where name = 'AP/UNTSZ/AWNZ/3.002/12-01-16';
Insert into EUMOWY.SUBSCRIPTION_DEFINITION (ID,VERSION,SIGNATURE_ID,ROLE,FILE_NAME,SUBSCRIPTION_PAGE_NUMBER,SUBSCRIPTIONX,SUBSCRIPTIONY,SCALEX,SCALEY) SELECT EUMOWY.SUBSCRIPTION_DEFINITION_SEQ.NEXTVAL,'0',s.id,'PH',null,'1','457','206','74','43' FROM EUMOWY.SIGNATURE s where name = 'AP/UNTSZ/AWNZ/3.002/12-01-16';
Insert into EUMOWY.SUBSCRIPTION_DEFINITION (ID,VERSION,SIGNATURE_ID,ROLE,FILE_NAME,SUBSCRIPTION_PAGE_NUMBER,SUBSCRIPTIONX,SUBSCRIPTIONY,SCALEX,SCALEY) SELECT EUMOWY.SUBSCRIPTION_DEFINITION_SEQ.NEXTVAL,'0',s.id,'ACCEPTANT1',null,'2','80','545','74','43' FROM EUMOWY.SIGNATURE s where name = 'AT/USU/FDU/4.004/13-05-22';
Insert into EUMOWY.SUBSCRIPTION_DEFINITION (ID,VERSION,SIGNATURE_ID,ROLE,FILE_NAME,SUBSCRIPTION_PAGE_NUMBER,SUBSCRIPTIONX,SUBSCRIPTIONY,SCALEX,SCALEY) SELECT EUMOWY.SUBSCRIPTION_DEFINITION_SEQ.NEXTVAL,'0',s.id,'ACCEPTANT2',null,'2','200','545','74','43' FROM EUMOWY.SIGNATURE s where name = 'AT/USU/FDU/4.004/13-05-22';
Insert into EUMOWY.SUBSCRIPTION_DEFINITION (ID,VERSION,SIGNATURE_ID,ROLE,FILE_NAME,SUBSCRIPTION_PAGE_NUMBER,SUBSCRIPTIONX,SUBSCRIPTIONY,SCALEX,SCALEY) SELECT EUMOWY.SUBSCRIPTION_DEFINITION_SEQ.NEXTVAL,'0',s.id,'ZARZAD1','podpis_zarzad_1.png','2','330','545','85','58' FROM EUMOWY.SIGNATURE s where name = 'AT/USU/FDU/4.004/13-05-22';
Insert into EUMOWY.SUBSCRIPTION_DEFINITION (ID,VERSION,SIGNATURE_ID,ROLE,FILE_NAME,SUBSCRIPTION_PAGE_NUMBER,SUBSCRIPTIONX,SUBSCRIPTIONY,SCALEX,SCALEY) SELECT EUMOWY.SUBSCRIPTION_DEFINITION_SEQ.NEXTVAL,'0',s.id,'ZARZAD2','podpis_zarzad_2.png','2','460','545','56','58' FROM EUMOWY.SIGNATURE s where name = 'AT/USU/FDU/4.004/13-05-22';
Insert into EUMOWY.SUBSCRIPTION_DEFINITION (ID,VERSION,SIGNATURE_ID,ROLE,FILE_NAME,SUBSCRIPTION_PAGE_NUMBER,SUBSCRIPTIONX,SUBSCRIPTIONY,SCALEX,SCALEY) SELECT EUMOWY.SUBSCRIPTION_DEFINITION_SEQ.NEXTVAL,'0',s.id,'PH',null,'2','450','395','74','43' FROM EUMOWY.SIGNATURE s where name = 'AT/USU/FDU/4.004/13-05-22';
Insert into EUMOWY.SUBSCRIPTION_DEFINITION (ID,VERSION,SIGNATURE_ID,ROLE,FILE_NAME,SUBSCRIPTION_PAGE_NUMBER,SUBSCRIPTIONX,SUBSCRIPTIONY,SCALEX,SCALEY) SELECT EUMOWY.SUBSCRIPTION_DEFINITION_SEQ.NEXTVAL,'0',s.id,'ACCEPTANT1',null,'3','80','580','74','43' FROM EUMOWY.SIGNATURE s where name = 'AT/USU/5.004/13-05-22';
Insert into EUMOWY.SUBSCRIPTION_DEFINITION (ID,VERSION,SIGNATURE_ID,ROLE,FILE_NAME,SUBSCRIPTION_PAGE_NUMBER,SUBSCRIPTIONX,SUBSCRIPTIONY,SCALEX,SCALEY) SELECT EUMOWY.SUBSCRIPTION_DEFINITION_SEQ.NEXTVAL,'0',s.id,'ACCEPTANT2',null,'3','200','580','74','43' FROM EUMOWY.SIGNATURE s where name = 'AT/USU/5.004/13-05-22';
Insert into EUMOWY.SUBSCRIPTION_DEFINITION (ID,VERSION,SIGNATURE_ID,ROLE,FILE_NAME,SUBSCRIPTION_PAGE_NUMBER,SUBSCRIPTIONX,SUBSCRIPTIONY,SCALEX,SCALEY) SELECT EUMOWY.SUBSCRIPTION_DEFINITION_SEQ.NEXTVAL,'0',s.id,'ZARZAD1','podpis_zarzad_1.png','3','330','580','85','58' FROM EUMOWY.SIGNATURE s where name = 'AT/USU/5.004/13-05-22';
Insert into EUMOWY.SUBSCRIPTION_DEFINITION (ID,VERSION,SIGNATURE_ID,ROLE,FILE_NAME,SUBSCRIPTION_PAGE_NUMBER,SUBSCRIPTIONX,SUBSCRIPTIONY,SCALEX,SCALEY) SELECT EUMOWY.SUBSCRIPTION_DEFINITION_SEQ.NEXTVAL,'0',s.id,'ZARZAD2','podpis_zarzad_2.png','3','460','580','56','58' FROM EUMOWY.SIGNATURE s where name = 'AT/USU/5.004/13-05-22';
Insert into EUMOWY.SUBSCRIPTION_DEFINITION (ID,VERSION,SIGNATURE_ID,ROLE,FILE_NAME,SUBSCRIPTION_PAGE_NUMBER,SUBSCRIPTIONX,SUBSCRIPTIONY,SCALEX,SCALEY) SELECT EUMOWY.SUBSCRIPTION_DEFINITION_SEQ.NEXTVAL,'0',s.id,'PH',null,'3','450','464','74','43' FROM EUMOWY.SIGNATURE s where name = 'AT/USU/5.004/13-05-22';
Insert into EUMOWY.SUBSCRIPTION_DEFINITION (ID,VERSION,SIGNATURE_ID,ROLE,FILE_NAME,SUBSCRIPTION_PAGE_NUMBER,SUBSCRIPTIONX,SUBSCRIPTIONY,SCALEX,SCALEY) SELECT EUMOWY.SUBSCRIPTION_DEFINITION_SEQ.NEXTVAL,'0',s.id,'ACCEPTANT1',null,'1','85','250','74','43' FROM EUMOWY.SIGNATURE s where name = 'AP/UNTSZ/OKOD/2.003/12-01-16';
Insert into EUMOWY.SUBSCRIPTION_DEFINITION (ID,VERSION,SIGNATURE_ID,ROLE,FILE_NAME,SUBSCRIPTION_PAGE_NUMBER,SUBSCRIPTIONX,SUBSCRIPTIONY,SCALEX,SCALEY) SELECT EUMOWY.SUBSCRIPTION_DEFINITION_SEQ.NEXTVAL,'0',s.id,'ACCEPTANT2',null,'1','205','250','74','43' FROM EUMOWY.SIGNATURE s where name = 'AP/UNTSZ/OKOD/2.003/12-01-16';
Insert into EUMOWY.SUBSCRIPTION_DEFINITION (ID,VERSION,SIGNATURE_ID,ROLE,FILE_NAME,SUBSCRIPTION_PAGE_NUMBER,SUBSCRIPTIONX,SUBSCRIPTIONY,SCALEX,SCALEY) SELECT EUMOWY.SUBSCRIPTION_DEFINITION_SEQ.NEXTVAL,'0',s.id,'ZARZAD1','podpis_zarzad_1.png','1','335','250','85','58' FROM EUMOWY.SIGNATURE s where name = 'AP/UNTSZ/OKOD/2.003/12-01-16';
Insert into EUMOWY.SUBSCRIPTION_DEFINITION (ID,VERSION,SIGNATURE_ID,ROLE,FILE_NAME,SUBSCRIPTION_PAGE_NUMBER,SUBSCRIPTIONX,SUBSCRIPTIONY,SCALEX,SCALEY) SELECT EUMOWY.SUBSCRIPTION_DEFINITION_SEQ.NEXTVAL,'0',s.id,'ZARZAD2','podpis_zarzad_2.png','1','465','250','56','58' FROM EUMOWY.SIGNATURE s where name = 'AP/UNTSZ/OKOD/2.003/12-01-16';
Insert into EUMOWY.SUBSCRIPTION_DEFINITION (ID,VERSION,SIGNATURE_ID,ROLE,FILE_NAME,SUBSCRIPTION_PAGE_NUMBER,SUBSCRIPTIONX,SUBSCRIPTIONY,SCALEX,SCALEY) SELECT EUMOWY.SUBSCRIPTION_DEFINITION_SEQ.NEXTVAL,'0',s.id,'PH',null,'1','455','125','74','43' FROM EUMOWY.SIGNATURE s where name = 'AP/UNTSZ/OKOD/2.003/12-01-16';
Insert into EUMOWY.SUBSCRIPTION_DEFINITION (ID,VERSION,SIGNATURE_ID,ROLE,FILE_NAME,SUBSCRIPTION_PAGE_NUMBER,SUBSCRIPTIONX,SUBSCRIPTIONY,SCALEX,SCALEY) SELECT EUMOWY.SUBSCRIPTION_DEFINITION_SEQ.NEXTVAL,'0',s.id,'ACCEPTANT1',null,'1','85','288','74','43' FROM EUMOWY.SIGNATURE s where name = 'AP/UNTSZ/APOO/3.002/12-01-16';
Insert into EUMOWY.SUBSCRIPTION_DEFINITION (ID,VERSION,SIGNATURE_ID,ROLE,FILE_NAME,SUBSCRIPTION_PAGE_NUMBER,SUBSCRIPTIONX,SUBSCRIPTIONY,SCALEX,SCALEY) SELECT EUMOWY.SUBSCRIPTION_DEFINITION_SEQ.NEXTVAL,'0',s.id,'ACCEPTANT2',null,'1','205','288','74','43' FROM EUMOWY.SIGNATURE s where name = 'AP/UNTSZ/APOO/3.002/12-01-16';
Insert into EUMOWY.SUBSCRIPTION_DEFINITION (ID,VERSION,SIGNATURE_ID,ROLE,FILE_NAME,SUBSCRIPTION_PAGE_NUMBER,SUBSCRIPTIONX,SUBSCRIPTIONY,SCALEX,SCALEY) SELECT EUMOWY.SUBSCRIPTION_DEFINITION_SEQ.NEXTVAL,'0',s.id,'ZARZAD1','podpis_zarzad_1.png','1','335','288','85','58' FROM EUMOWY.SIGNATURE s where name = 'AP/UNTSZ/APOO/3.002/12-01-16';
Insert into EUMOWY.SUBSCRIPTION_DEFINITION (ID,VERSION,SIGNATURE_ID,ROLE,FILE_NAME,SUBSCRIPTION_PAGE_NUMBER,SUBSCRIPTIONX,SUBSCRIPTIONY,SCALEX,SCALEY) SELECT EUMOWY.SUBSCRIPTION_DEFINITION_SEQ.NEXTVAL,'0',s.id,'ZARZAD2','podpis_zarzad_2.png','1','465','288','56','58' FROM EUMOWY.SIGNATURE s where name = 'AP/UNTSZ/APOO/3.002/12-01-16';
Insert into EUMOWY.SUBSCRIPTION_DEFINITION (ID,VERSION,SIGNATURE_ID,ROLE,FILE_NAME,SUBSCRIPTION_PAGE_NUMBER,SUBSCRIPTIONX,SUBSCRIPTIONY,SCALEX,SCALEY) SELECT EUMOWY.SUBSCRIPTION_DEFINITION_SEQ.NEXTVAL,'0',s.id,'PH',null,'1','444','143','74','43' FROM EUMOWY.SIGNATURE s where name = 'AP/UNTSZ/APOO/3.002/12-01-16';
Insert into EUMOWY.SUBSCRIPTION_DEFINITION (ID,VERSION,SIGNATURE_ID,ROLE,FILE_NAME,SUBSCRIPTION_PAGE_NUMBER,SUBSCRIPTIONX,SUBSCRIPTIONY,SCALEX,SCALEY) SELECT EUMOWY.SUBSCRIPTION_DEFINITION_SEQ.NEXTVAL,'0',s.id,'ACCEPTANT1',null,'1','85','260','74','43' FROM EUMOWY.SIGNATURE s where name = 'AP/UNTSZ/DCCZ/1.001/12-10-05';
Insert into EUMOWY.SUBSCRIPTION_DEFINITION (ID,VERSION,SIGNATURE_ID,ROLE,FILE_NAME,SUBSCRIPTION_PAGE_NUMBER,SUBSCRIPTIONX,SUBSCRIPTIONY,SCALEX,SCALEY) SELECT EUMOWY.SUBSCRIPTION_DEFINITION_SEQ.NEXTVAL,'0',s.id,'ACCEPTANT2',null,'1','205','260','74','43' FROM EUMOWY.SIGNATURE s where name = 'AP/UNTSZ/DCCZ/1.001/12-10-05';
Insert into EUMOWY.SUBSCRIPTION_DEFINITION (ID,VERSION,SIGNATURE_ID,ROLE,FILE_NAME,SUBSCRIPTION_PAGE_NUMBER,SUBSCRIPTIONX,SUBSCRIPTIONY,SCALEX,SCALEY) SELECT EUMOWY.SUBSCRIPTION_DEFINITION_SEQ.NEXTVAL,'0',s.id,'ZARZAD1','podpis_zarzad_1.png','1','335','260','85','58' FROM EUMOWY.SIGNATURE s where name = 'AP/UNTSZ/DCCZ/1.001/12-10-05';
Insert into EUMOWY.SUBSCRIPTION_DEFINITION (ID,VERSION,SIGNATURE_ID,ROLE,FILE_NAME,SUBSCRIPTION_PAGE_NUMBER,SUBSCRIPTIONX,SUBSCRIPTIONY,SCALEX,SCALEY) SELECT EUMOWY.SUBSCRIPTION_DEFINITION_SEQ.NEXTVAL,'0',s.id,'ZARZAD2','podpis_zarzad_2.png','1','465','260','56','58' FROM EUMOWY.SIGNATURE s where name = 'AP/UNTSZ/DCCZ/1.001/12-10-05';
Insert into EUMOWY.SUBSCRIPTION_DEFINITION (ID,VERSION,SIGNATURE_ID,ROLE,FILE_NAME,SUBSCRIPTION_PAGE_NUMBER,SUBSCRIPTIONX,SUBSCRIPTIONY,SCALEX,SCALEY) SELECT EUMOWY.SUBSCRIPTION_DEFINITION_SEQ.NEXTVAL,'0',s.id,'PH',null,'1','458','155','74','43' FROM EUMOWY.SIGNATURE s where name = 'AP/UNTSZ/DCCZ/1.001/12-10-05';
Insert into EUMOWY.SUBSCRIPTION_DEFINITION (ID,VERSION,SIGNATURE_ID,ROLE,FILE_NAME,SUBSCRIPTION_PAGE_NUMBER,SUBSCRIPTIONX,SUBSCRIPTIONY,SCALEX,SCALEY) SELECT EUMOWY.SUBSCRIPTION_DEFINITION_SEQ.NEXTVAL,'0',s.id,'ACCEPTANT1',null,'1','85','185','74','43' FROM EUMOWY.SIGNATURE s where name = 'AP/UPZ/DCCZ/1.002/13-02-15';
Insert into EUMOWY.SUBSCRIPTION_DEFINITION (ID,VERSION,SIGNATURE_ID,ROLE,FILE_NAME,SUBSCRIPTION_PAGE_NUMBER,SUBSCRIPTIONX,SUBSCRIPTIONY,SCALEX,SCALEY) SELECT EUMOWY.SUBSCRIPTION_DEFINITION_SEQ.NEXTVAL,'0',s.id,'ACCEPTANT2',null,'1','205','185','74','43' FROM EUMOWY.SIGNATURE s where name = 'AP/UPZ/DCCZ/1.002/13-02-15';
Insert into EUMOWY.SUBSCRIPTION_DEFINITION (ID,VERSION,SIGNATURE_ID,ROLE,FILE_NAME,SUBSCRIPTION_PAGE_NUMBER,SUBSCRIPTIONX,SUBSCRIPTIONY,SCALEX,SCALEY) SELECT EUMOWY.SUBSCRIPTION_DEFINITION_SEQ.NEXTVAL,'0',s.id,'ZARZAD1','podpis_zarzad_1.png','1','335','185','85','58' FROM EUMOWY.SIGNATURE s where name = 'AP/UPZ/DCCZ/1.002/13-02-15';
Insert into EUMOWY.SUBSCRIPTION_DEFINITION (ID,VERSION,SIGNATURE_ID,ROLE,FILE_NAME,SUBSCRIPTION_PAGE_NUMBER,SUBSCRIPTIONX,SUBSCRIPTIONY,SCALEX,SCALEY) SELECT EUMOWY.SUBSCRIPTION_DEFINITION_SEQ.NEXTVAL,'0',s.id,'ZARZAD2','podpis_zarzad_2.png','1','465','185','56','58' FROM EUMOWY.SIGNATURE s where name = 'AP/UPZ/DCCZ/1.002/13-02-15';
Insert into EUMOWY.SUBSCRIPTION_DEFINITION (ID,VERSION,SIGNATURE_ID,ROLE,FILE_NAME,SUBSCRIPTION_PAGE_NUMBER,SUBSCRIPTIONX,SUBSCRIPTIONY,SCALEX,SCALEY) SELECT EUMOWY.SUBSCRIPTION_DEFINITION_SEQ.NEXTVAL,'0',s.id,'PH',null,'1','440','70','74','43' FROM EUMOWY.SIGNATURE s where name = 'AP/UPZ/DCCZ/1.002/13-02-15';
Insert into EUMOWY.SUBSCRIPTION_DEFINITION (ID,VERSION,SIGNATURE_ID,ROLE,FILE_NAME,SUBSCRIPTION_PAGE_NUMBER,SUBSCRIPTIONX,SUBSCRIPTIONY,SCALEX,SCALEY) SELECT EUMOWY.SUBSCRIPTION_DEFINITION_SEQ.NEXTVAL,'0',s.id,'ACCEPTANT1',null,'1','85','215','74','43' FROM EUMOWY.SIGNATURE s where name = 'AP/UPZ2/DCC/1.000/13-02-15';
Insert into EUMOWY.SUBSCRIPTION_DEFINITION (ID,VERSION,SIGNATURE_ID,ROLE,FILE_NAME,SUBSCRIPTION_PAGE_NUMBER,SUBSCRIPTIONX,SUBSCRIPTIONY,SCALEX,SCALEY) SELECT EUMOWY.SUBSCRIPTION_DEFINITION_SEQ.NEXTVAL,'0',s.id,'ACCEPTANT2',null,'1','205','215','74','43' FROM EUMOWY.SIGNATURE s where name = 'AP/UPZ2/DCC/1.000/13-02-15';
Insert into EUMOWY.SUBSCRIPTION_DEFINITION (ID,VERSION,SIGNATURE_ID,ROLE,FILE_NAME,SUBSCRIPTION_PAGE_NUMBER,SUBSCRIPTIONX,SUBSCRIPTIONY,SCALEX,SCALEY) SELECT EUMOWY.SUBSCRIPTION_DEFINITION_SEQ.NEXTVAL,'0',s.id,'ZARZAD1','podpis_zarzad_1.png','1','335','215','85','58' FROM EUMOWY.SIGNATURE s where name = 'AP/UPZ2/DCC/1.000/13-02-15';
Insert into EUMOWY.SUBSCRIPTION_DEFINITION (ID,VERSION,SIGNATURE_ID,ROLE,FILE_NAME,SUBSCRIPTION_PAGE_NUMBER,SUBSCRIPTIONX,SUBSCRIPTIONY,SCALEX,SCALEY) SELECT EUMOWY.SUBSCRIPTION_DEFINITION_SEQ.NEXTVAL,'0',s.id,'ZARZAD2','podpis_zarzad_2.png','1','465','215','56','58' FROM EUMOWY.SIGNATURE s where name = 'AP/UPZ2/DCC/1.000/13-02-15';
Insert into EUMOWY.SUBSCRIPTION_DEFINITION (ID,VERSION,SIGNATURE_ID,ROLE,FILE_NAME,SUBSCRIPTION_PAGE_NUMBER,SUBSCRIPTIONX,SUBSCRIPTIONY,SCALEX,SCALEY) SELECT EUMOWY.SUBSCRIPTION_DEFINITION_SEQ.NEXTVAL,'0',s.id,'PH',null,'1','443','97','74','43' FROM EUMOWY.SIGNATURE s where name = 'AP/UPZ2/DCC/1.000/13-02-15';
Insert into EUMOWY.SUBSCRIPTION_DEFINITION (ID,VERSION,SIGNATURE_ID,ROLE,FILE_NAME,SUBSCRIPTION_PAGE_NUMBER,SUBSCRIPTIONX,SUBSCRIPTIONY,SCALEX,SCALEY) SELECT EUMOWY.SUBSCRIPTION_DEFINITION_SEQ.NEXTVAL,'0',s.id,'ACCEPTANT1',null,'1','80','240','74','43' FROM EUMOWY.SIGNATURE s where name = 'AP/UPZ/DCC/2.003/13-02-15';
Insert into EUMOWY.SUBSCRIPTION_DEFINITION (ID,VERSION,SIGNATURE_ID,ROLE,FILE_NAME,SUBSCRIPTION_PAGE_NUMBER,SUBSCRIPTIONX,SUBSCRIPTIONY,SCALEX,SCALEY) SELECT EUMOWY.SUBSCRIPTION_DEFINITION_SEQ.NEXTVAL,'0',s.id,'ACCEPTANT2',null,'1','200','240','74','43' FROM EUMOWY.SIGNATURE s where name = 'AP/UPZ/DCC/2.003/13-02-15';
Insert into EUMOWY.SUBSCRIPTION_DEFINITION (ID,VERSION,SIGNATURE_ID,ROLE,FILE_NAME,SUBSCRIPTION_PAGE_NUMBER,SUBSCRIPTIONX,SUBSCRIPTIONY,SCALEX,SCALEY) SELECT EUMOWY.SUBSCRIPTION_DEFINITION_SEQ.NEXTVAL,'0',s.id,'ZARZAD1','podpis_zarzad_1.png','1','330','240','85','58' FROM EUMOWY.SIGNATURE s where name = 'AP/UPZ/DCC/2.003/13-02-15';
Insert into EUMOWY.SUBSCRIPTION_DEFINITION (ID,VERSION,SIGNATURE_ID,ROLE,FILE_NAME,SUBSCRIPTION_PAGE_NUMBER,SUBSCRIPTIONX,SUBSCRIPTIONY,SCALEX,SCALEY) SELECT EUMOWY.SUBSCRIPTION_DEFINITION_SEQ.NEXTVAL,'0',s.id,'ZARZAD2','podpis_zarzad_2.png','1','460','240','56','58' FROM EUMOWY.SIGNATURE s where name = 'AP/UPZ/DCC/2.003/13-02-15';
Insert into EUMOWY.SUBSCRIPTION_DEFINITION (ID,VERSION,SIGNATURE_ID,ROLE,FILE_NAME,SUBSCRIPTION_PAGE_NUMBER,SUBSCRIPTIONX,SUBSCRIPTIONY,SCALEX,SCALEY) SELECT EUMOWY.SUBSCRIPTION_DEFINITION_SEQ.NEXTVAL,'0',s.id,'PH',null,'1','440','105','74','43' FROM EUMOWY.SIGNATURE s where name = 'AP/UPZ/DCC/2.003/13-02-15';
Insert into EUMOWY.SUBSCRIPTION_DEFINITION (ID,VERSION,SIGNATURE_ID,ROLE,FILE_NAME,SUBSCRIPTION_PAGE_NUMBER,SUBSCRIPTIONX,SUBSCRIPTIONY,SCALEX,SCALEY) SELECT EUMOWY.SUBSCRIPTION_DEFINITION_SEQ.NEXTVAL,'0',s.id,'ACCEPTANT1',null,'1','85','280','74','43' FROM EUMOWY.SIGNATURE s where name = 'AP/UNTSZ/DCC/2.002/12-01-16';
Insert into EUMOWY.SUBSCRIPTION_DEFINITION (ID,VERSION,SIGNATURE_ID,ROLE,FILE_NAME,SUBSCRIPTION_PAGE_NUMBER,SUBSCRIPTIONX,SUBSCRIPTIONY,SCALEX,SCALEY) SELECT EUMOWY.SUBSCRIPTION_DEFINITION_SEQ.NEXTVAL,'0',s.id,'ACCEPTANT2',null,'1','205','280','74','43' FROM EUMOWY.SIGNATURE s where name = 'AP/UNTSZ/DCC/2.002/12-01-16';
Insert into EUMOWY.SUBSCRIPTION_DEFINITION (ID,VERSION,SIGNATURE_ID,ROLE,FILE_NAME,SUBSCRIPTION_PAGE_NUMBER,SUBSCRIPTIONX,SUBSCRIPTIONY,SCALEX,SCALEY) SELECT EUMOWY.SUBSCRIPTION_DEFINITION_SEQ.NEXTVAL,'0',s.id,'ZARZAD1','podpis_zarzad_1.png','1','335','280','85','58' FROM EUMOWY.SIGNATURE s where name = 'AP/UNTSZ/DCC/2.002/12-01-16';
Insert into EUMOWY.SUBSCRIPTION_DEFINITION (ID,VERSION,SIGNATURE_ID,ROLE,FILE_NAME,SUBSCRIPTION_PAGE_NUMBER,SUBSCRIPTIONX,SUBSCRIPTIONY,SCALEX,SCALEY) SELECT EUMOWY.SUBSCRIPTION_DEFINITION_SEQ.NEXTVAL,'0',s.id,'ZARZAD2','podpis_zarzad_2.png','1','465','280','56','58' FROM EUMOWY.SIGNATURE s where name = 'AP/UNTSZ/DCC/2.002/12-01-16';
Insert into EUMOWY.SUBSCRIPTION_DEFINITION (ID,VERSION,SIGNATURE_ID,ROLE,FILE_NAME,SUBSCRIPTION_PAGE_NUMBER,SUBSCRIPTIONX,SUBSCRIPTIONY,SCALEX,SCALEY) SELECT EUMOWY.SUBSCRIPTION_DEFINITION_SEQ.NEXTVAL,'0',s.id,'PH',null,'1','460','168','74','43' FROM EUMOWY.SIGNATURE s where name = 'AP/UNTSZ/DCC/2.002/12-01-16';
Insert into EUMOWY.SUBSCRIPTION_DEFINITION (ID,VERSION,SIGNATURE_ID,ROLE,FILE_NAME,SUBSCRIPTION_PAGE_NUMBER,SUBSCRIPTIONX,SUBSCRIPTIONY,SCALEX,SCALEY) SELECT EUMOWY.SUBSCRIPTION_DEFINITION_SEQ.NEXTVAL,'0',s.id,'ACCEPTANT1',null,'2','80','145','74','43' FROM EUMOWY.SIGNATURE s where name = 'AP/UPZ2/ACB/1.000/13-02-15';
Insert into EUMOWY.SUBSCRIPTION_DEFINITION (ID,VERSION,SIGNATURE_ID,ROLE,FILE_NAME,SUBSCRIPTION_PAGE_NUMBER,SUBSCRIPTIONX,SUBSCRIPTIONY,SCALEX,SCALEY) SELECT EUMOWY.SUBSCRIPTION_DEFINITION_SEQ.NEXTVAL,'0',s.id,'ACCEPTANT2',null,'2','200','145','74','43' FROM EUMOWY.SIGNATURE s where name = 'AP/UPZ2/ACB/1.000/13-02-15';
Insert into EUMOWY.SUBSCRIPTION_DEFINITION (ID,VERSION,SIGNATURE_ID,ROLE,FILE_NAME,SUBSCRIPTION_PAGE_NUMBER,SUBSCRIPTIONX,SUBSCRIPTIONY,SCALEX,SCALEY) SELECT EUMOWY.SUBSCRIPTION_DEFINITION_SEQ.NEXTVAL,'0',s.id,'ZARZAD1','podpis_zarzad_1.png','2','330','145','85','58' FROM EUMOWY.SIGNATURE s where name = 'AP/UPZ2/ACB/1.000/13-02-15';
Insert into EUMOWY.SUBSCRIPTION_DEFINITION (ID,VERSION,SIGNATURE_ID,ROLE,FILE_NAME,SUBSCRIPTION_PAGE_NUMBER,SUBSCRIPTIONX,SUBSCRIPTIONY,SCALEX,SCALEY) SELECT EUMOWY.SUBSCRIPTION_DEFINITION_SEQ.NEXTVAL,'0',s.id,'ZARZAD2','podpis_zarzad_2.png','2','460','145','56','58' FROM EUMOWY.SIGNATURE s where name = 'AP/UPZ2/ACB/1.000/13-02-15';
Insert into EUMOWY.SUBSCRIPTION_DEFINITION (ID,VERSION,SIGNATURE_ID,ROLE,FILE_NAME,SUBSCRIPTION_PAGE_NUMBER,SUBSCRIPTIONX,SUBSCRIPTIONY,SCALEX,SCALEY) SELECT EUMOWY.SUBSCRIPTION_DEFINITION_SEQ.NEXTVAL,'0',s.id,'PH',null,'2','445','40','74','43' FROM EUMOWY.SIGNATURE s where name = 'AP/UPZ2/ACB/1.000/13-02-15';
Insert into EUMOWY.SUBSCRIPTION_DEFINITION (ID,VERSION,SIGNATURE_ID,ROLE,FILE_NAME,SUBSCRIPTION_PAGE_NUMBER,SUBSCRIPTIONX,SUBSCRIPTIONY,SCALEX,SCALEY) SELECT EUMOWY.SUBSCRIPTION_DEFINITION_SEQ.NEXTVAL,'0',s.id,'ACCEPTANT1',null,'2','85','220','74','43' FROM EUMOWY.SIGNATURE s where name = 'AP/UPZ/ACB/2.003/13-02-15';
Insert into EUMOWY.SUBSCRIPTION_DEFINITION (ID,VERSION,SIGNATURE_ID,ROLE,FILE_NAME,SUBSCRIPTION_PAGE_NUMBER,SUBSCRIPTIONX,SUBSCRIPTIONY,SCALEX,SCALEY) SELECT EUMOWY.SUBSCRIPTION_DEFINITION_SEQ.NEXTVAL,'0',s.id,'ACCEPTANT2',null,'2','205','220','74','43' FROM EUMOWY.SIGNATURE s where name = 'AP/UPZ/ACB/2.003/13-02-15';
Insert into EUMOWY.SUBSCRIPTION_DEFINITION (ID,VERSION,SIGNATURE_ID,ROLE,FILE_NAME,SUBSCRIPTION_PAGE_NUMBER,SUBSCRIPTIONX,SUBSCRIPTIONY,SCALEX,SCALEY) SELECT EUMOWY.SUBSCRIPTION_DEFINITION_SEQ.NEXTVAL,'0',s.id,'ZARZAD1','podpis_zarzad_1.png','2','335','220','85','58' FROM EUMOWY.SIGNATURE s where name = 'AP/UPZ/ACB/2.003/13-02-15';
Insert into EUMOWY.SUBSCRIPTION_DEFINITION (ID,VERSION,SIGNATURE_ID,ROLE,FILE_NAME,SUBSCRIPTION_PAGE_NUMBER,SUBSCRIPTIONX,SUBSCRIPTIONY,SCALEX,SCALEY) SELECT EUMOWY.SUBSCRIPTION_DEFINITION_SEQ.NEXTVAL,'0',s.id,'ZARZAD2','podpis_zarzad_2.png','2','465','220','56','58' FROM EUMOWY.SIGNATURE s where name = 'AP/UPZ/ACB/2.003/13-02-15';
Insert into EUMOWY.SUBSCRIPTION_DEFINITION (ID,VERSION,SIGNATURE_ID,ROLE,FILE_NAME,SUBSCRIPTION_PAGE_NUMBER,SUBSCRIPTIONX,SUBSCRIPTIONY,SCALEX,SCALEY) SELECT EUMOWY.SUBSCRIPTION_DEFINITION_SEQ.NEXTVAL,'0',s.id,'PH',null,'2','445','105','74','43' FROM EUMOWY.SIGNATURE s where name = 'AP/UPZ/ACB/2.003/13-02-15';
Insert into EUMOWY.SUBSCRIPTION_DEFINITION (ID,VERSION,SIGNATURE_ID,ROLE,FILE_NAME,SUBSCRIPTION_PAGE_NUMBER,SUBSCRIPTIONX,SUBSCRIPTIONY,SCALEX,SCALEY) SELECT EUMOWY.SUBSCRIPTION_DEFINITION_SEQ.NEXTVAL,'0',s.id,'ACCEPTANT1',null,'1','70','155','74','43' FROM EUMOWY.SIGNATURE s where name = 'AP/UPZBS/AIKO/1.000/13-03-25';
Insert into EUMOWY.SUBSCRIPTION_DEFINITION (ID,VERSION,SIGNATURE_ID,ROLE,FILE_NAME,SUBSCRIPTION_PAGE_NUMBER,SUBSCRIPTIONX,SUBSCRIPTIONY,SCALEX,SCALEY) SELECT EUMOWY.SUBSCRIPTION_DEFINITION_SEQ.NEXTVAL,'0',s.id,'ACCEPTANT2',null,'1','190','155','74','43' FROM EUMOWY.SIGNATURE s where name = 'AP/UPZBS/AIKO/1.000/13-03-25';
Insert into EUMOWY.SUBSCRIPTION_DEFINITION (ID,VERSION,SIGNATURE_ID,ROLE,FILE_NAME,SUBSCRIPTION_PAGE_NUMBER,SUBSCRIPTIONX,SUBSCRIPTIONY,SCALEX,SCALEY) SELECT EUMOWY.SUBSCRIPTION_DEFINITION_SEQ.NEXTVAL,'0',s.id,'ZARZAD1','podpis_zarzad_1.png','1','320','155','85','58' FROM EUMOWY.SIGNATURE s where name = 'AP/UPZBS/AIKO/1.000/13-03-25';
Insert into EUMOWY.SUBSCRIPTION_DEFINITION (ID,VERSION,SIGNATURE_ID,ROLE,FILE_NAME,SUBSCRIPTION_PAGE_NUMBER,SUBSCRIPTIONX,SUBSCRIPTIONY,SCALEX,SCALEY) SELECT EUMOWY.SUBSCRIPTION_DEFINITION_SEQ.NEXTVAL,'0',s.id,'ZARZAD2','podpis_zarzad_2.png','1','450','155','56','58' FROM EUMOWY.SIGNATURE s where name = 'AP/UPZBS/AIKO/1.000/13-03-25';
Insert into EUMOWY.SUBSCRIPTION_DEFINITION (ID,VERSION,SIGNATURE_ID,ROLE,FILE_NAME,SUBSCRIPTION_PAGE_NUMBER,SUBSCRIPTIONX,SUBSCRIPTIONY,SCALEX,SCALEY) SELECT EUMOWY.SUBSCRIPTION_DEFINITION_SEQ.NEXTVAL,'0',s.id,'PH',null,'1','450','70','74','43' FROM EUMOWY.SIGNATURE s where name = 'AP/UPZBS/AIKO/1.000/13-03-25';
Insert into EUMOWY.SUBSCRIPTION_DEFINITION (ID,VERSION,SIGNATURE_ID,ROLE,FILE_NAME,SUBSCRIPTION_PAGE_NUMBER,SUBSCRIPTIONX,SUBSCRIPTIONY,SCALEX,SCALEY) SELECT EUMOWY.SUBSCRIPTION_DEFINITION_SEQ.NEXTVAL,'0',s.id,'ACCEPTANT1',null,'1','85','235','74','43' FROM EUMOWY.SIGNATURE s where name = 'AP/UNTW/AGON/1.002/12-01-16';
Insert into EUMOWY.SUBSCRIPTION_DEFINITION (ID,VERSION,SIGNATURE_ID,ROLE,FILE_NAME,SUBSCRIPTION_PAGE_NUMBER,SUBSCRIPTIONX,SUBSCRIPTIONY,SCALEX,SCALEY) SELECT EUMOWY.SUBSCRIPTION_DEFINITION_SEQ.NEXTVAL,'0',s.id,'ACCEPTANT2',null,'1','205','235','74','43' FROM EUMOWY.SIGNATURE s where name = 'AP/UNTW/AGON/1.002/12-01-16';
Insert into EUMOWY.SUBSCRIPTION_DEFINITION (ID,VERSION,SIGNATURE_ID,ROLE,FILE_NAME,SUBSCRIPTION_PAGE_NUMBER,SUBSCRIPTIONX,SUBSCRIPTIONY,SCALEX,SCALEY) SELECT EUMOWY.SUBSCRIPTION_DEFINITION_SEQ.NEXTVAL,'0',s.id,'ZARZAD1','podpis_zarzad_1.png','1','335','235','85','58' FROM EUMOWY.SIGNATURE s where name = 'AP/UNTW/AGON/1.002/12-01-16';
Insert into EUMOWY.SUBSCRIPTION_DEFINITION (ID,VERSION,SIGNATURE_ID,ROLE,FILE_NAME,SUBSCRIPTION_PAGE_NUMBER,SUBSCRIPTIONX,SUBSCRIPTIONY,SCALEX,SCALEY) SELECT EUMOWY.SUBSCRIPTION_DEFINITION_SEQ.NEXTVAL,'0',s.id,'ZARZAD2','podpis_zarzad_2.png','1','465','235','56','58' FROM EUMOWY.SIGNATURE s where name = 'AP/UNTW/AGON/1.002/12-01-16';
Insert into EUMOWY.SUBSCRIPTION_DEFINITION (ID,VERSION,SIGNATURE_ID,ROLE,FILE_NAME,SUBSCRIPTION_PAGE_NUMBER,SUBSCRIPTIONX,SUBSCRIPTIONY,SCALEX,SCALEY) SELECT EUMOWY.SUBSCRIPTION_DEFINITION_SEQ.NEXTVAL,'0',s.id,'PH',null,'1','460','96','74','43' FROM EUMOWY.SIGNATURE s where name = 'AP/UNTW/AGON/1.002/12-01-16';
Insert into EUMOWY.SUBSCRIPTION_DEFINITION (ID,VERSION,SIGNATURE_ID,ROLE,FILE_NAME,SUBSCRIPTION_PAGE_NUMBER,SUBSCRIPTIONX,SUBSCRIPTIONY,SCALEX,SCALEY) SELECT EUMOWY.SUBSCRIPTION_DEFINITION_SEQ.NEXTVAL,'0',s.id,'ACCEPTANT1',null,'1','85','225','74','43' FROM EUMOWY.SIGNATURE s where name = 'AP/UNTW/ANOD/1.003/12-01-16';
Insert into EUMOWY.SUBSCRIPTION_DEFINITION (ID,VERSION,SIGNATURE_ID,ROLE,FILE_NAME,SUBSCRIPTION_PAGE_NUMBER,SUBSCRIPTIONX,SUBSCRIPTIONY,SCALEX,SCALEY) SELECT EUMOWY.SUBSCRIPTION_DEFINITION_SEQ.NEXTVAL,'0',s.id,'ACCEPTANT2',null,'1','205','225','74','43' FROM EUMOWY.SIGNATURE s where name = 'AP/UNTW/ANOD/1.003/12-01-16';
Insert into EUMOWY.SUBSCRIPTION_DEFINITION (ID,VERSION,SIGNATURE_ID,ROLE,FILE_NAME,SUBSCRIPTION_PAGE_NUMBER,SUBSCRIPTIONX,SUBSCRIPTIONY,SCALEX,SCALEY) SELECT EUMOWY.SUBSCRIPTION_DEFINITION_SEQ.NEXTVAL,'0',s.id,'ZARZAD1','podpis_zarzad_1.png','1','335','225','85','58' FROM EUMOWY.SIGNATURE s where name = 'AP/UNTW/ANOD/1.003/12-01-16';
Insert into EUMOWY.SUBSCRIPTION_DEFINITION (ID,VERSION,SIGNATURE_ID,ROLE,FILE_NAME,SUBSCRIPTION_PAGE_NUMBER,SUBSCRIPTIONX,SUBSCRIPTIONY,SCALEX,SCALEY) SELECT EUMOWY.SUBSCRIPTION_DEFINITION_SEQ.NEXTVAL,'0',s.id,'ZARZAD2','podpis_zarzad_2.png','1','465','225','56','58' FROM EUMOWY.SIGNATURE s where name = 'AP/UNTW/ANOD/1.003/12-01-16';
Insert into EUMOWY.SUBSCRIPTION_DEFINITION (ID,VERSION,SIGNATURE_ID,ROLE,FILE_NAME,SUBSCRIPTION_PAGE_NUMBER,SUBSCRIPTIONX,SUBSCRIPTIONY,SCALEX,SCALEY) SELECT EUMOWY.SUBSCRIPTION_DEFINITION_SEQ.NEXTVAL,'0',s.id,'PH',null,'1','458','62','74','43' FROM EUMOWY.SIGNATURE s where name = 'AP/UNTW/ANOD/1.003/12-01-16';
Insert into EUMOWY.SUBSCRIPTION_DEFINITION (ID,VERSION,SIGNATURE_ID,ROLE,FILE_NAME,SUBSCRIPTION_PAGE_NUMBER,SUBSCRIPTIONX,SUBSCRIPTIONY,SCALEX,SCALEY) SELECT EUMOWY.SUBSCRIPTION_DEFINITION_SEQ.NEXTVAL,'0',s.id,'ACCEPTANT1',null,'1','85','245','74','43' FROM EUMOWY.SIGNATURE s where name = 'AP/UNTW/AGOK/1.002/12-01-16';
Insert into EUMOWY.SUBSCRIPTION_DEFINITION (ID,VERSION,SIGNATURE_ID,ROLE,FILE_NAME,SUBSCRIPTION_PAGE_NUMBER,SUBSCRIPTIONX,SUBSCRIPTIONY,SCALEX,SCALEY) SELECT EUMOWY.SUBSCRIPTION_DEFINITION_SEQ.NEXTVAL,'0',s.id,'ACCEPTANT2',null,'1','205','245','74','43' FROM EUMOWY.SIGNATURE s where name = 'AP/UNTW/AGOK/1.002/12-01-16';
Insert into EUMOWY.SUBSCRIPTION_DEFINITION (ID,VERSION,SIGNATURE_ID,ROLE,FILE_NAME,SUBSCRIPTION_PAGE_NUMBER,SUBSCRIPTIONX,SUBSCRIPTIONY,SCALEX,SCALEY) SELECT EUMOWY.SUBSCRIPTION_DEFINITION_SEQ.NEXTVAL,'0',s.id,'ZARZAD1','podpis_zarzad_1.png','1','335','245','85','58' FROM EUMOWY.SIGNATURE s where name = 'AP/UNTW/AGOK/1.002/12-01-16';
Insert into EUMOWY.SUBSCRIPTION_DEFINITION (ID,VERSION,SIGNATURE_ID,ROLE,FILE_NAME,SUBSCRIPTION_PAGE_NUMBER,SUBSCRIPTIONX,SUBSCRIPTIONY,SCALEX,SCALEY) SELECT EUMOWY.SUBSCRIPTION_DEFINITION_SEQ.NEXTVAL,'0',s.id,'ZARZAD2','podpis_zarzad_2.png','1','465','245','56','58' FROM EUMOWY.SIGNATURE s where name = 'AP/UNTW/AGOK/1.002/12-01-16';
Insert into EUMOWY.SUBSCRIPTION_DEFINITION (ID,VERSION,SIGNATURE_ID,ROLE,FILE_NAME,SUBSCRIPTION_PAGE_NUMBER,SUBSCRIPTIONX,SUBSCRIPTIONY,SCALEX,SCALEY) SELECT EUMOWY.SUBSCRIPTION_DEFINITION_SEQ.NEXTVAL,'0',s.id,'PH',null,'1','455','105','74','43' FROM EUMOWY.SIGNATURE s where name = 'AP/UNTW/AGOK/1.002/12-01-16';
Insert into EUMOWY.SUBSCRIPTION_DEFINITION (ID,VERSION,SIGNATURE_ID,ROLE,FILE_NAME,SUBSCRIPTION_PAGE_NUMBER,SUBSCRIPTIONX,SUBSCRIPTIONY,SCALEX,SCALEY) SELECT EUMOWY.SUBSCRIPTION_DEFINITION_SEQ.NEXTVAL,'0',s.id,'ACCEPTANT1',null,'1','80','245','74','43' FROM EUMOWY.SIGNATURE s where name = 'AP/UNTW/AGOP/1.002/12-01-16';
Insert into EUMOWY.SUBSCRIPTION_DEFINITION (ID,VERSION,SIGNATURE_ID,ROLE,FILE_NAME,SUBSCRIPTION_PAGE_NUMBER,SUBSCRIPTIONX,SUBSCRIPTIONY,SCALEX,SCALEY) SELECT EUMOWY.SUBSCRIPTION_DEFINITION_SEQ.NEXTVAL,'0',s.id,'ACCEPTANT2',null,'1','200','245','74','43' FROM EUMOWY.SIGNATURE s where name = 'AP/UNTW/AGOP/1.002/12-01-16';
Insert into EUMOWY.SUBSCRIPTION_DEFINITION (ID,VERSION,SIGNATURE_ID,ROLE,FILE_NAME,SUBSCRIPTION_PAGE_NUMBER,SUBSCRIPTIONX,SUBSCRIPTIONY,SCALEX,SCALEY) SELECT EUMOWY.SUBSCRIPTION_DEFINITION_SEQ.NEXTVAL,'0',s.id,'ZARZAD1','podpis_zarzad_1.png','1','330','245','85','58' FROM EUMOWY.SIGNATURE s where name = 'AP/UNTW/AGOP/1.002/12-01-16';
Insert into EUMOWY.SUBSCRIPTION_DEFINITION (ID,VERSION,SIGNATURE_ID,ROLE,FILE_NAME,SUBSCRIPTION_PAGE_NUMBER,SUBSCRIPTIONX,SUBSCRIPTIONY,SCALEX,SCALEY) SELECT EUMOWY.SUBSCRIPTION_DEFINITION_SEQ.NEXTVAL,'0',s.id,'ZARZAD2','podpis_zarzad_2.png','1','460','245','56','58' FROM EUMOWY.SIGNATURE s where name = 'AP/UNTW/AGOP/1.002/12-01-16';
Insert into EUMOWY.SUBSCRIPTION_DEFINITION (ID,VERSION,SIGNATURE_ID,ROLE,FILE_NAME,SUBSCRIPTION_PAGE_NUMBER,SUBSCRIPTIONX,SUBSCRIPTIONY,SCALEX,SCALEY) SELECT EUMOWY.SUBSCRIPTION_DEFINITION_SEQ.NEXTVAL,'0',s.id,'PH',null,'1','455','105','74','43' FROM EUMOWY.SIGNATURE s where name = 'AP/UNTW/AGOP/1.002/12-01-16';
Insert into EUMOWY.SUBSCRIPTION_DEFINITION (ID,VERSION,SIGNATURE_ID,ROLE,FILE_NAME,SUBSCRIPTION_PAGE_NUMBER,SUBSCRIPTIONX,SUBSCRIPTIONY,SCALEX,SCALEY) SELECT EUMOWY.SUBSCRIPTION_DEFINITION_SEQ.NEXTVAL,'0',s.id,'PH',null,'2','50','190','74','43' FROM EUMOWY.SIGNATURE s where name = 'virtualPos';